                                                                        S      1
,,8Hbobyshka,9Hbobyshka3,7Hunknown,7Hunknown,32,38,7,99,15,,1.,2,2HMM,1,G      1
0.08,15H20260318.104532,0.01,10000.,7Hunknown,7Hunknown,11,0,;          G      2
     408       1                                      13        00000001D      1
     408       0               1       0                               0D      2
     408       2                                                00000001D      3
     408       0               1       0                               0D      4
     408       3                                      15        00000001D      5
     408       0               1       0                               0D      6
     408       4                                                00000001D      7
     408       0               1       0                               0D      8
     408       5                                                00000001D      9
     408       0               1       0                               0D     10
     408       6                                                00000001D     11
     408       0               1       0                               0D     12
     124       7                                                00000000D     13
     124                       2       0                               0D     14
     124       9                                                00000000D     15
     124                       1       0                               0D     16
     308      10                                                00010200D     17
     308       0               1       0                               0D     18
     308      11                                                00010200D     19
     308       0               1       0                               0D     20
     308      12                                                00010200D     21
     308       0               1       0                               0D     22
     308      13                                                00010200D     23
     308       0               1       0                               0D     24
     308      14                                                00010200D     25
     308       0               1       0                               0D     26
     308      15                                                00010200D     27
     308       0               1       0                               0D     28
     186      16                                                00010000D     29
     186           -1153       1       0                               0D     30
     186      17                                                00010000D     31
     186           -1153       1       0                               0D     32
     186      18                                                00010000D     33
     186           -1153       1       0                               0D     34
     186      19                                                00010000D     35
     186           -1153       1       0                               0D     36
     186      20                                                00010000D     37
     186           -1153       1       0                               0D     38
     186      21                                                00010000D     39
     186           -1153       1       0                               0D     40
     186      22                                                00010000D     41
     186           -1153       1       0                               0D     42
     514      23                                                00010000D     43
     514                       1       1                               0D     44
     514      24                                                00010000D     45
     514                       2       1                               0D     46
     514      26                                                00010000D     47
     514                       1       1                               0D     48
     514      27                                                00010000D     49
     514                       1       1                               0D     50
     514      28                                                00010000D     51
     514                       3       1                               0D     52
     514      31                                                00010000D     53
     514                       3       1                               0D     54
     514      34                                                00010000D     55
     514                       2       1                               0D     56
     510      36                                                00010000D     57
     510           -1153       1       1                               0D     58
     510      37                                                00010000D     59
     510           -1153       1       1                               0D     60
     510      38                                                00010000D     61
     510           -1153       1       1                               0D     62
     510      39                                                00010000D     63
     510           -1153       1       1                               0D     64
     510      40                                                00010000D     65
     510           -1153       1       1                               0D     66
     510      41                                                00010000D     67
     510           -1153       1       1                               0D     68
     510      42                                                00010000D     69
     510           -1153       1       1                               0D     70
     510      43                                                00010000D     71
     510           -1153       1       1                               0D     72
     510      44                                                00010000D     73
     510           -1153       1       1                               0D     74
     510      45                                                00010000D     75
     510           -1153       1       1                               0D     76
     510      46                                                00010000D     77
     510           -1153       1       1                               0D     78
     510      47                                                00010000D     79
     510           -1153       1       1                               0D     80
     510      48                                                00010000D     81
     510           -1153       1       1                               0D     82
     510      49                                                00010000D     83
     510           -1153       1       1                               0D     84
     510      50                                                00010000D     85
     510           -1153       1       1                               0D     86
     510      51                                                00010000D     87
     510           -1153       1       1                               0D     88
     510      52                                                00010000D     89
     510           -1153       1       1                               0D     90
     510      53                                                00010000D     91
     510           -1153       1       1                               0D     92
     510      54                                                00010000D     93
     510           -1153       1       1                               0D     94
     510      55                                                00010000D     95
     510           -1153       1       1                               0D     96
     510      56                                                00010000D     97
     510           -1153       1       1                               0D     98
     510      57                                                00010000D     99
     510           -1153       1       1                               0D    100
     510      58                                                00010000D    101
     510           -1153       1       1                               0D    102
     510      59                                                00010000D    103
     510           -1153       1       1                               0D    104
     510      60                                                00010000D    105
     510           -1153       1       1                               0D    106
     510      61                                                00010000D    107
     510           -1153       1       1                               0D    108
     510      62                                                00010000D    109
     510           -1153       1       1                               0D    110
     510      63                                                00010000D    111
     510           -1153       1       1                               0D    112
     510      64                                                00010000D    113
     510           -1153       1       1                               0D    114
     510      65                                                00010000D    115
     510           -1153       1       1                               0D    116
     510      66                                                00010000D    117
     510           -1153       1       1                               0D    118
     510      67                                                00010000D    119
     510           -1153       1       1                               0D    120
     510      68                                                00010000D    121
     510           -1153       1       1                               0D    122
     510      69                                                00010000D    123
     510           -1153       1       1                               0D    124
     510      70                                                00010000D    125
     510           -1153       1       1                               0D    126
     510      71                                                00010000D    127
     510           -1153       1       1                               0D    128
     510      72                                                00010000D    129
     510           -1153       1       1                               0D    130
     510      73                                                00010000D    131
     510           -1153       1       1                               0D    132
     510      74                                                00010000D    133
     510           -1153       1       1                               0D    134
     510      75                                                00010000D    135
     510           -1153       1       1                               0D    136
     510      76                                                00010000D    137
     510           -1153       1       1                               0D    138
     510      77                                                00010000D    139
     510           -1153       1       1                               0D    140
     510      78                                                00010000D    141
     510           -1153       1       1                               0D    142
     510      79                                                00010000D    143
     510           -1153       1       1                               0D    144
     510      80                                                00010000D    145
     510           -1153       1       1                               0D    146
     510      81                                                00010000D    147
     510           -1153       1       1                               0D    148
     510      82                                                00010000D    149
     510           -1153       1       1                               0D    150
     510      83                                                00010000D    151
     510           -1153       1       1                               0D    152
     510      84                                                00010000D    153
     510           -1153       1       1                               0D    154
     510      85                                                00010000D    155
     510           -1153       1       1                               0D    156
     510      86                                                00010000D    157
     510           -1153       1       1                               0D    158
     510      87                                                00010000D    159
     510           -1153       1       1                               0D    160
     510      88                                                00010000D    161
     510           -1153       1       1                               0D    162
     510      89                                                00010000D    163
     510           -1153       1       1                               0D    164
     510      90                                                00010000D    165
     510           -1153       1       1                               0D    166
     510      91                                                00010000D    167
     510           -1153       1       1                               0D    168
     510      92                                                00010000D    169
     510           -1153       1       1                               0D    170
     510      93                                                00010000D    171
     510           -1153       1       1                               0D    172
     510      94                                                00010000D    173
     510           -1153       1       1                               0D    174
     510      95                                                00010000D    175
     510           -1153       1       1                               0D    176
     510      96                                                00010000D    177
     510           -1153       1       1                               0D    178
     510      97                                                00010000D    179
     510           -1153       1       1                               0D    180
     510      98                                                00010000D    181
     510           -1153       1       1                               0D    182
     510      99                                                00010000D    183
     510           -1153       1       1                               0D    184
     510     100                                                00010000D    185
     510           -1153       1       1                               0D    186
     510     101                                                00010000D    187
     510           -1153       1       1                               0D    188
     510     102                                                00010000D    189
     510           -1153       1       1                               0D    190
     510     103                                                00010000D    191
     510           -1153       1       1                               0D    192
     510     104                                                00010000D    193
     510           -1153       1       1                               0D    194
     510     105                                                00010000D    195
     510           -1153       1       1                               0D    196
     510     106                                                00010000D    197
     510           -1153       1       1                               0D    198
     510     107                                                00010000D    199
     510           -1153       1       1                               0D    200
     510     108                                                00010000D    201
     510           -1153       1       1                               0D    202
     510     109                                                00010000D    203
     510           -1153       1       1                               0D    204
     510     110                                                00010000D    205
     510           -1153       1       1                               0D    206
     510     111                                                00010000D    207
     510           -1153       1       1                               0D    208
     510     112                                                00010000D    209
     510           -1153       1       1                               0D    210
     510     113                                                00010000D    211
     510           -1153       1       1                               0D    212
     510     114                                                00010000D    213
     510           -1153       1       1                               0D    214
     510     115                                                00010000D    215
     510           -1153       1       1                               0D    216
     510     116                                                00010000D    217
     510           -1153       1       1                               0D    218
     510     117                                                00010000D    219
     510           -1153       1       1                               0D    220
     510     118                                                00010000D    221
     510           -1153       1       1                               0D    222
     510     119                                                00010000D    223
     510           -1153       1       1                               0D    224
     510     120                                                00010000D    225
     510           -1153       1       1                               0D    226
     510     121                                                00010000D    227
     510           -1153       1       1                               0D    228
     510     122                                                00010000D    229
     510           -1153       1       1                               0D    230
     510     123                                                00010000D    231
     510           -1153       1       1                               0D    232
     510     124                                                00010000D    233
     510           -1153       1       1                               0D    234
     510     125                                                00010000D    235
     510           -1153       1       1                               0D    236
     510     126                                                00010000D    237
     510           -1153       1       1                               0D    238
     508     127                                                00010000D    239
     508                       1       1                               0D    240
     508     128                                                00010000D    241
     508                       1       1                               0D    242
     508     129                                                00010000D    243
     508                       1       1                               0D    244
     508     130                                                00010000D    245
     508                       1       1                               0D    246
     508     131                                                00010000D    247
     508                       1       1                               0D    248
     508     132                                                00010000D    249
     508                       1       1                               0D    250
     508     133                                                00010000D    251
     508                       1       1                               0D    252
     508     134                                                00010000D    253
     508                       1       1                               0D    254
     508     135                                                00010000D    255
     508                       1       1                               0D    256
     508     136                                                00010000D    257
     508                       1       1                               0D    258
     508     137                                                00010000D    259
     508                       1       1                               0D    260
     508     138                                                00010000D    261
     508                       1       1                               0D    262
     508     139                                                00010000D    263
     508                       1       1                               0D    264
     508     140                                                00010000D    265
     508                       1       1                               0D    266
     508     141                                                00010000D    267
     508                       1       1                               0D    268
     508     142                                                00010000D    269
     508                       1       1                               0D    270
     508     143                                                00010000D    271
     508                       3       1                               0D    272
     508     146                                                00010000D    273
     508                       1       1                               0D    274
     508     147                                                00010000D    275
     508                       1       1                               0D    276
     508     148                                                00010000D    277
     508                       1       1                               0D    278
     508     149                                                00010000D    279
     508                       3       1                               0D    280
     508     152                                                00010000D    281
     508                       1       1                               0D    282
     508     153                                                00010000D    283
     508                       1       1                               0D    284
     508     154                                                00010000D    285
     508                       1       1                               0D    286
     508     155                                                00010000D    287
     508                       1       1                               0D    288
     508     156                                                00010000D    289
     508                       1       1                               0D    290
     508     157                                                00010000D    291
     508                       1       1                               0D    292
     508     158                                                00010000D    293
     508                       1       1                               0D    294
     508     159                                                00010000D    295
     508                       1       1                               0D    296
     508     160                                                00010000D    297
     508                       1       1                               0D    298
     508     161                                                00010000D    299
     508                       1       1                               0D    300
     508     162                                                00010000D    301
     508                       1       1                               0D    302
     508     163                                                00010000D    303
     508                       1       1                               0D    304
     508     164                                                00010000D    305
     508                       1       1                               0D    306
     508     165                                                00010000D    307
     508                       1       1                               0D    308
     508     166                                                00010000D    309
     508                       1       1                               0D    310
     508     167                                                00010000D    311
     508                       1       1                               0D    312
     508     168                                                00010000D    313
     508                       1       1                               0D    314
     508     169                                                00010000D    315
     508                       1       1                               0D    316
     508     170                                                00010000D    317
     508                       1       1                               0D    318
     508     171                                                00010000D    319
     508                       1       1                               0D    320
     508     172                                                00010000D    321
     508                       4       1                               0D    322
     508     176                                                00010000D    323
     508                       1       1                               0D    324
     508     177                                                00010000D    325
     508                       1       1                               0D    326
     508     178                                                00010000D    327
     508                       1       1                               0D    328
     508     179                                                00010000D    329
     508                       1       1                               0D    330
     508     180                                                00010000D    331
     508                       1       1                               0D    332
     508     181                                                00010000D    333
     508                       1       1                               0D    334
     508     182                                                00010000D    335
     508                       1       1                               0D    336
     508     183                                                00010000D    337
     508                       1       1                               0D    338
     508     184                                                00010000D    339
     508                       1       1                               0D    340
     508     185                                                00010000D    341
     508                       1       1                               0D    342
     508     186                                                00010000D    343
     508                       1       1                               0D    344
     508     187                                                00010000D    345
     508                       1       1                               0D    346
     508     188                                                00010000D    347
     508                       1       1                               0D    348
     508     189                                                00010000D    349
     508                       1       1                               0D    350
     508     190                                                00010000D    351
     508                       1       1                               0D    352
     508     191                                                00010000D    353
     508                       1       1                               0D    354
     508     192                                                00010000D    355
     508                       1       1                               0D    356
     508     193                                                00010000D    357
     508                       1       1                               0D    358
     508     194                                                00010000D    359
     508                       1       1                               0D    360
     508     195                                                00010000D    361
     508                       4       1                               0D    362
     508     199                                                00010000D    363
     508                       1       1                               0D    364
     508     200                                                00010000D    365
     508                       1       1                               0D    366
     508     201                                                00010000D    367
     508                       1       1                               0D    368
     508     202                                                00010000D    369
     508                       1       1                               0D    370
     508     203                                                00010000D    371
     508                       1       1                               0D    372
     508     204                                                00010000D    373
     508                       1       1                               0D    374
     508     205                                                00010000D    375
     508                       1       1                               0D    376
     508     206                                                00010000D    377
     508                       1       1                               0D    378
     508     207                                                00010000D    379
     508                       1       1                               0D    380
     508     208                                                00010000D    381
     508                       1       1                               0D    382
     508     209                                                00010000D    383
     508                       1       1                               0D    384
     508     210                                                00010000D    385
     508                       1       1                               0D    386
     508     211                                                00010000D    387
     508                       1       1                               0D    388
     508     212                                                00010000D    389
     508                       1       1                               0D    390
     508     213                                                00010000D    391
     508                       1       1                               0D    392
     508     214                                                00010000D    393
     508                       1       1                               0D    394
     508     215                                                00010000D    395
     508                       1       1                               0D    396
     508     216                                                00010000D    397
     508                       1       1                               0D    398
     508     217                                                00010000D    399
     508                       1       1                               0D    400
     508     218                                                00010000D    401
     508                       1       1                               0D    402
     508     219                                                00010000D    403
     508                       1       1                               0D    404
     508     220                                                00010000D    405
     508                       1       1                               0D    406
     508     221                                                00010000D    407
     508                       3       1                               0D    408
     508     224                                                00010000D    409
     508                       1       1                               0D    410
     508     225                                                00010000D    411
     508                       1       1                               0D    412
     508     226                                                00010000D    413
     508                       1       1                               0D    414
     508     227                                                00010000D    415
     508                       1       1                               0D    416
     508     228                                                00010000D    417
     508                       1       1                               0D    418
     508     229                                                00010000D    419
     508                       3       1                               0D    420
     508     232                                                00010000D    421
     508                       1       1                               0D    422
     508     233                                                00010000D    423
     508                       1       1                               0D    424
     508     234                                                00010000D    425
     508                       1       1                               0D    426
     508     235                                                00010000D    427
     508                       1       1                               0D    428
     508     236                                                00010000D    429
     508                       1       1                               0D    430
     508     237                                                00010000D    431
     508                       1       1                               0D    432
     508     238                                                00010000D    433
     508                       1       1                               0D    434
     508     239                                                00010000D    435
     508                       1       1                               0D    436
     508     240                                                00010000D    437
     508                       1       1                               0D    438
     508     241                                                00010000D    439
     508                       1       1                               0D    440
     508     242                                                00010000D    441
     508                       3       1                               0D    442
     508     245                                                00010000D    443
     508                       1       1                               0D    444
     508     246                                                00010000D    445
     508                       1       1                               0D    446
     508     247                                                00010000D    447
     508                       1       1                               0D    448
     508     248                                                00010000D    449
     508                       1       1                               0D    450
     508     249                                                00010000D    451
     508                       1       1                               0D    452
     508     250                                                00010000D    453
     508                       1       1                               0D    454
     508     251                                                00010000D    455
     508                       1       1                               0D    456
     508     252                                                00010000D    457
     508                       1       1                               0D    458
     508     253                                                00010000D    459
     508                       1       1                               0D    460
     508     254                                                00010000D    461
     508                       3       1                               0D    462
     508     257                                                00010000D    463
     508                       1       1                               0D    464
     126     258                                                00010000D    465
     126       0               8       0                               0D    466
     126     266                                                00010000D    467
     126       0               2       0                               0D    468
     126     268                                                00010000D    469
     126       0               8       0                               0D    470
     126     276                                                00010000D    471
     126       0               8       0                               0D    472
     126     284                                                00010000D    473
     126       0               2       0                               0D    474
     126     286                                                00010000D    475
     126       0               8       0                               0D    476
     126     294                                                00010000D    477
     126       0               4       0                               0D    478
     126     298                                                00010000D    479
     126       0               3       0                               0D    480
     126     301                                                00010000D    481
     126       0               4       0                               0D    482
     126     305                                                00010000D    483
     126       0               3       0                               0D    484
     126     308                                                00010000D    485
     126       0               4       0                               0D    486
     126     312                                                00010000D    487
     126       0               3       0                               0D    488
     126     315                                                00010000D    489
     126       0               4       0                               0D    490
     126     319                                                00010000D    491
     126       0               3       0                               0D    492
     126     322                                                00010000D    493
     126       0               5       0                               0D    494
     126     327                                                00010000D    495
     126       0               5       0                               0D    496
     126     332                                                00010000D    497
     126       0               5       0                               0D    498
     126     337                                                00010000D    499
     126       0               3       0                               0D    500
     126     340                                                00010000D    501
     126       0               5       0                               0D    502
     126     345                                                00010000D    503
     126       0               5       0                               0D    504
     126     350                                                00010000D    505
     126       0               3       0                               0D    506
     126     353                                                00010000D    507
     126       0               4       0                               0D    508
     126     357                                                00010000D    509
     126       0               4       0                               0D    510
     126     361                                                00010000D    511
     126       0               3       0                               0D    512
     126     364                                                00010000D    513
     126       0               4       0                               0D    514
     126     368                                                00010000D    515
     126       0               3       0                               0D    516
     126     371                                                00010000D    517
     126       0               4       0                               0D    518
     126     375                                                00010000D    519
     126       0               3       0                               0D    520
     126     378                                                00010000D    521
     126       0               4       0                               0D    522
     126     382                                                00010000D    523
     126       0               3       0                               0D    524
     126     385                                                00010000D    525
     126       0               5       0                               0D    526
     126     390                                                00010000D    527
     126       0               5       0                               0D    528
     126     395                                                00010000D    529
     126       0               4       0                               0D    530
     126     399                                                00010000D    531
     126       0               3       0                               0D    532
     126     402                                                00010000D    533
     126       0               4       0                               0D    534
     126     406                                                00010000D    535
     126       0               4       0                               0D    536
     126     410                                                00010000D    537
     126       0               4       0                               0D    538
     126     414                                                00010000D    539
     126       0               4       0                               0D    540
     126     418                                                00010000D    541
     126       0               4       0                               0D    542
     126     422                                                00010000D    543
     126       0               3       0                               0D    544
     126     425                                                00010000D    545
     126       0               3       0                               0D    546
     126     428                                                00010000D    547
     126       0               3       0                               0D    548
     126     431                                                00010000D    549
     126       0               3       0                               0D    550
     126     434                                                00010000D    551
     126       0               3       0                               0D    552
     126     437                                                00010000D    553
     126       0               4       0                               0D    554
     126     441                                                00010000D    555
     126       0               4       0                               0D    556
     126     445                                                00010000D    557
     126       0               3       0                               0D    558
     126     448                                                00010000D    559
     126       0               4       0                               0D    560
     126     452                                                00010000D    561
     126       0               3       0                               0D    562
     126     455                                                00010000D    563
     126       0               8       0                               0D    564
     126     463                                                00010000D    565
     126       0               8       0                               0D    566
     126     471                                                00010000D    567
     126       0               3       0                               0D    568
     126     474                                                00010000D    569
     126       0               4       0                               0D    570
     126     478                                                00010000D    571
     126       0               4       0                               0D    572
     126     482                                                00010000D    573
     126       0               3       0                               0D    574
     126     485                                                00010000D    575
     126       0               8       0                               0D    576
     126     493                                                00010000D    577
     126       0               8       0                               0D    578
     126     501                                                00010000D    579
     126       0              12       0                               0D    580
     126     513                                                00010000D    581
     126       0               3       0                               0D    582
     126     516                                                00010000D    583
     126       0              12       0                               0D    584
     126     528                                                00010000D    585
     126       0               4       0                               0D    586
     126     532                                                00010000D    587
     126       0               3       0                               0D    588
     126     535                                                00010000D    589
     126       0               4       0                               0D    590
     126     539                                                00010000D    591
     126       0               3       0                               0D    592
     126     542                                                00010000D    593
     126       0               8       0                               0D    594
     126     550                                                00010000D    595
     126       0               8       0                               0D    596
     126     558                                                00010000D    597
     126       0               3       0                               0D    598
     126     561                                                00010000D    599
     126       0               4       0                               0D    600
     126     565                                                00010000D    601
     126       0               4       0                               0D    602
     126     569                                                00010000D    603
     126       0               3       0                               0D    604
     126     572                                                00010000D    605
     126       0               8       0                               0D    606
     126     580                                                00010000D    607
     126       0               8       0                               0D    608
     126     588                                                00010000D    609
     126       0              12       0                               0D    610
     126     600                                                00010000D    611
     126       0               3       0                               0D    612
     126     603                                                00010000D    613
     126       0              12       0                               0D    614
     126     615                                                00010000D    615
     126       0               6       0                               0D    616
     126     621                                                00010000D    617
     126       0               3       0                               0D    618
     126     624                                                00010000D    619
     126       0               6       0                               0D    620
     126     630                                                00010000D    621
     126       0               3       0                               0D    622
     126     633                                                00010000D    623
     126       0               3       0                               0D    624
     126     636                                                00010000D    625
     126       0               3       0                               0D    626
     126     639                                                00010000D    627
     126       0               3       0                               0D    628
     126     642                                                00010000D    629
     126       0               3       0                               0D    630
     126     645                                                00010000D    631
     126       0               3       0                               0D    632
     126     648                                                00010000D    633
     126       0               3       0                               0D    634
     126     651                                                00010000D    635
     126       0               3       0                               0D    636
     126     654                                                00010000D    637
     126       0               3       0                               0D    638
     126     657                                                00010000D    639
     126       0               4       0                               0D    640
     126     661                                                00010000D    641
     126       0               4       0                               0D    642
     126     665                                                00010000D    643
     126       0               3       0                               0D    644
     126     668                                                00010000D    645
     126       0               3       0                               0D    646
     126     671                                                00010000D    647
     126       0               3       0                               0D    648
     126     674                                                00010000D    649
     126       0               3       0                               0D    650
     126     677                                                00010000D    651
     126       0               6       0                               0D    652
     126     683                                                00010000D    653
     126       0               3       0                               0D    654
     126     686                                                00010000D    655
     126       0               5       0                               0D    656
     126     691                                                00010000D    657
     126       0               3       0                               0D    658
     126     694                                                00010000D    659
     126       0               5       0                               0D    660
     126     699                                                00010000D    661
     126       0              12       0                               0D    662
     126     711                                                00010000D    663
     126       0               6       0                               0D    664
     126     717                                                00010000D    665
     126       0               3       0                               0D    666
     126     720                                                00010000D    667
     126       0               3       0                               0D    668
     126     723                                                00010000D    669
     126       0               3       0                               0D    670
     126     726                                                00010000D    671
     126       0               3       0                               0D    672
     126     729                                                00010000D    673
     126       0               3       0                               0D    674
     126     732                                                00010000D    675
     126       0               5       0                               0D    676
     126     737                                                00010000D    677
     126       0               3       0                               0D    678
     126     740                                                00010000D    679
     126       0               3       0                               0D    680
     126     743                                                00010000D    681
     126       0               5       0                               0D    682
     126     748                                                00010000D    683
     126       0               3       0                               0D    684
     126     751                                                00010000D    685
     126       0              12       0                               0D    686
     126     763                                                00010000D    687
     126       0               3       0                               0D    688
     126     766                                                00010000D    689
     126       0               3       0                               0D    690
     126     769                                                00010000D    691
     126       0               3       0                               0D    692
     126     772                                                00010000D    693
     126       0               3       0                               0D    694
     126     775                                                00010000D    695
     126       0               3       0                               0D    696
     126     778                                                00010000D    697
     126       0               3       0                               0D    698
     126     781                                                00010000D    699
     126       0               3       0                               0D    700
     126     784                                                00010000D    701
     126       0               3       0                               0D    702
     126     787                                                00010000D    703
     126       0               3       0                               0D    704
     126     790                                                00010000D    705
     126       0               3       0                               0D    706
     126     793                                                00010000D    707
     126       0               3       0                               0D    708
     126     796                                                00010000D    709
     126       0               3       0                               0D    710
     126     799                                                00010000D    711
     126       0               3       0                               0D    712
     126     802                                                00010000D    713
     126       0               3       0                               0D    714
     126     805                                                00010000D    715
     126       0               4       0                               0D    716
     126     809                                                00010000D    717
     126       0               3       0                               0D    718
     126     812                                                00010000D    719
     126       0               4       0                               0D    720
     126     816                                                00010000D    721
     126       0               3       0                               0D    722
     126     819                                                00010000D    723
     126       0               3       0                               0D    724
     126     822                                                00010000D    725
     126       0               3       0                               0D    726
     126     825                                                00010000D    727
     126       0               3       0                               0D    728
     126     828                                                00010000D    729
     126       0               4       0                               0D    730
     126     832                                                00010000D    731
     126       0               3       0                               0D    732
     126     835                                                00010000D    733
     126       0               4       0                               0D    734
     126     839                                                00010000D    735
     126       0               3       0                               0D    736
     126     842                                                00010000D    737
     126       0               3       0                               0D    738
     126     845                                                00010000D    739
     126       0               3       0                               0D    740
     126     848                                                00010000D    741
     126       0               3       0                               0D    742
     126     851                                                00010000D    743
     126       0               4       0                               0D    744
     126     855                                                00010000D    745
     126       0               3       0                               0D    746
     126     858                                                00010000D    747
     126       0               4       0                               0D    748
     126     862                                                00010000D    749
     126       0               3       0                               0D    750
     126     865                                                00010000D    751
     126       0               3       0                               0D    752
     126     868                                                00010000D    753
     126       0              12       0                               0D    754
     126     880                                                00010000D    755
     126       0               3       0                               0D    756
     126     883                                                00010000D    757
     126       0              12       0                               0D    758
     126     895                                                00010000D    759
     126       0              12       0                               0D    760
     126     907                                                00010000D    761
     126       0               3       0                               0D    762
     126     910                                                00010000D    763
     126       0              12       0                               0D    764
     126     922                                                00010000D    765
     126       0              12       0                               0D    766
     126     934                                                00010000D    767
     126       0               3       0                               0D    768
     126     937                                                00010000D    769
     126       0              12       0                               0D    770
     126     949                                                00010000D    771
     126       0              12       0                               0D    772
     126     961                                                00010000D    773
     126       0               3       0                               0D    774
     126     964                                                00010000D    775
     126       0              12       0                               0D    776
     126     976                                                00010000D    777
     126       0               3       0                               0D    778
     126     979                                                00010000D    779
     126       0               3       0                               0D    780
     126     982                                                00010000D    781
     126       0               3       0                               0D    782
     126     985                                                00010000D    783
     126       0               3       0                               0D    784
     126     988                                                00010000D    785
     126       0               3       0                               0D    786
     126     991                                                00010000D    787
     126       0               3       0                               0D    788
     126     994                                                00010000D    789
     126       0               3       0                               0D    790
     126     997                                                00010000D    791
     126       0               3       0                               0D    792
     126    1000                                                00010000D    793
     126       0               3       0                               0D    794
     126    1003                                                00010000D    795
     126       0               3       0                               0D    796
     126    1006                                                00010000D    797
     126       0               3       0                               0D    798
     126    1009                                                00010000D    799
     126       0               3       0                               0D    800
     126    1012                                                00010000D    801
     126       0               3       0                               0D    802
     126    1015                                                00010000D    803
     126       0               3       0                               0D    804
     126    1018                                                00010000D    805
     126       0               3       0                               0D    806
     126    1021                                                00010000D    807
     126       0               3       0                               0D    808
     126    1024                                                00010000D    809
     126       0               3       0                               0D    810
     126    1027                                                00010000D    811
     126       0               3       0                               0D    812
     126    1030                                                00010000D    813
     126       0               3       0                               0D    814
     126    1033                                                00010000D    815
     126       0               3       0                               0D    816
     126    1036                                                00010000D    817
     126       0               3       0                               0D    818
     126    1039                                                00010000D    819
     126       0               3       0                               0D    820
     126    1042                                                00010000D    821
     126       0               3       0                               0D    822
     126    1045                                                00010000D    823
     126       0               3       0                               0D    824
     126    1048                                                00010000D    825
     126       0               3       0                               0D    826
     126    1051                                                00010000D    827
     126       0               4       0                               0D    828
     126    1055                                                00010000D    829
     126       0               4       0                               0D    830
     126    1059                                                00010000D    831
     126       0               3       0                               0D    832
     126    1062                                                00010000D    833
     126       0               3       0                               0D    834
     126    1065                                                00010000D    835
     126       0               3       0                               0D    836
     126    1068                                                00010000D    837
     126       0               3       0                               0D    838
     126    1071                                                00010000D    839
     126       0               3       0                               0D    840
     126    1074                                                00010000D    841
     126       0               3       0                               0D    842
     126    1077                                                00010000D    843
     126       0               3       0                               0D    844
     126    1080                                                00010000D    845
     126       0               3       0                               0D    846
     126    1083                                                00010000D    847
     126       0               3       0                               0D    848
     126    1086                                                00010000D    849
     126       0               5       0                               0D    850
     126    1091                                                00010000D    851
     126       0               3       0                               0D    852
     126    1094                                                00010000D    853
     126       0               5       0                               0D    854
     126    1099                                                00010000D    855
     126       0               3       0                               0D    856
     126    1102                                                00010000D    857
     126       0               3       0                               0D    858
     126    1105                                                00010000D    859
     126       0               3       0                               0D    860
     126    1108                                                00010000D    861
     126       0               3       0                               0D    862
     126    1111                                                00010000D    863
     126       0               3       0                               0D    864
     126    1114                                                00010000D    865
     126       0               3       0                               0D    866
     126    1117                                                00010000D    867
     126       0               3       0                               0D    868
     126    1120                                                00010000D    869
     126       0               7       0                               0D    870
     126    1127                                                00010000D    871
     126       0               3       0                               0D    872
     126    1130                                                00010000D    873
     126       0               7       0                               0D    874
     126    1137                                                00010000D    875
     126       0              10       0                               0D    876
     126    1147                                                00010000D    877
     126       0               3       0                               0D    878
     126    1150                                                00010000D    879
     126       0              10       0                               0D    880
     126    1160                                                00010000D    881
     126       0               4       0                               0D    882
     126    1164                                                00010000D    883
     126       0               4       0                               0D    884
     126    1168                                                00010000D    885
     126       0               3       0                               0D    886
     126    1171                                                00010000D    887
     126       0               5       0                               0D    888
     126    1176                                                00010000D    889
     126       0               5       0                               0D    890
     126    1181                                                00010000D    891
     126       0               8       0                               0D    892
     126    1189                                                00010000D    893
     126       0               5       0                               0D    894
     126    1194                                                00010000D    895
     126       0               7       0                               0D    896
     126    1201                                                00010000D    897
     126       0               3       0                               0D    898
     126    1204                                                00010000D    899
     126       0               5       0                               0D    900
     126    1209                                                00010000D    901
     126       0               3       0                               0D    902
     126    1212                                                00010000D    903
     126       0               3       0                               0D    904
     126    1215                                                00010000D    905
     126       0               3       0                               0D    906
     126    1218                                                00010000D    907
     126       0               3       0                               0D    908
     126    1221                                                00010000D    909
     126       0               5       0                               0D    910
     126    1226                                                00010000D    911
     126       0               3       0                               0D    912
     126    1229                                                00010000D    913
     126       0               3       0                               0D    914
     126    1232                                                00010000D    915
     126       0               8       0                               0D    916
     126    1240                                                00010000D    917
     126       0               3       0                               0D    918
     126    1243                                                00010000D    919
     126       0               5       0                               0D    920
     126    1248                                                00010000D    921
     126       0               3       0                               0D    922
     126    1251                                                00010000D    923
     126       0               8       0                               0D    924
     126    1259                                                00010000D    925
     126       0               4       0                               0D    926
     128    1263                                                00010000D    927
     128       0   -1153      12       0                               0D    928
     128    1275                                                00010000D    929
     128       0   -1153      12       0                               0D    930
     128    1287                                                00010000D    931
     128       0   -1153       3       0                               0D    932
     128    1290                                                00010000D    933
     128       0   -1153       3       0                               0D    934
     128    1293                                                00010000D    935
     128       0   -1153       6       0                               0D    936
     128    1299                                                00010000D    937
     128       0   -1153       6       0                               0D    938
     128    1305                                                00010000D    939
     128       0   -1153       6       0                               0D    940
     128    1311                                                00010000D    941
     128       0   -1153       7       0                               0D    942
     128    1318                                                00010000D    943
     128       0   -1153       7       0                               0D    944
     128    1325                                                00010000D    945
     128       0   -1153       7       0                               0D    946
     128    1332                                                00010000D    947
     128       0   -1153       6       0                               0D    948
     128    1338                                                00010000D    949
     128       0   -1153       6       0                               0D    950
     128    1344                                                00010000D    951
     128       0   -1153       6       0                               0D    952
     128    1350                                                00010000D    953
     128       0   -1153       7       0                               0D    954
     128    1357                                                00010000D    955
     128       0   -1153       7       0                               0D    956
     128    1364                                                00010000D    957
     128       0   -1153       7       0                               0D    958
     128    1371                                                00010000D    959
     128       0   -1153       5       0                               0D    960
     128    1376                                                00010000D    961
     128       0   -1153       7       0                               0D    962
     128    1383                                                00010000D    963
     128       0   -1153       7       0                               0D    964
     128    1390                                                00010000D    965
     128       0   -1153       7       0                               0D    966
     128    1397                                                00010000D    967
     128       0   -1153      13       0                               0D    968
     128    1410                                                00010000D    969
     128       0   -1153       7       0                               0D    970
     128    1417                                                00010000D    971
     128       0   -1153      13       0                               0D    972
     128    1430                                                00010000D    973
     128       0   -1153      20       0                               0D    974
     128    1450                                                00010000D    975
     128       0   -1153       5       0                               0D    976
     128    1455                                                00010000D    977
     128       0   -1153       5       0                               0D    978
     128    1460                                                00010000D    979
     128       0   -1153       7       0                               0D    980
     128    1467                                                00010000D    981
     128       0   -1153      13       0                               0D    982
     128    1480                                                00010000D    983
     128       0   -1153       7       0                               0D    984
     128    1487                                                00010000D    985
     128       0   -1153      13       0                               0D    986
     128    1500                                                00010000D    987
     128       0   -1153      20       0                               0D    988
     128    1520                                                00010000D    989
     128       0   -1153       5       0                               0D    990
     128    1525                                                00010000D    991
     128       0   -1153       5       0                               0D    992
     128    1530                                                00010000D    993
     128       0   -1153       9       0                               0D    994
     128    1539                                                00010000D    995
     128       0   -1153       5       0                               0D    996
     128    1544                                                00010000D    997
     128       0   -1153       6       0                               0D    998
     128    1550                                                00010000D    999
     128       0   -1153       9       0                               0D   1000
     128    1559                                                00010000D   1001
     128       0   -1153       6       0                               0D   1002
     128    1565                                                00010000D   1003
     128       0   -1153       6       0                               0D   1004
     128    1571                                                00010000D   1005
     128       0   -1153       6       0                               0D   1006
     128    1577                                                00010000D   1007
     128       0   -1153       6       0                               0D   1008
     128    1583                                                00010000D   1009
     128       0   -1153      20       0                               0D   1010
     128    1603                                                00010000D   1011
     128       0   -1153       5       0                               0D   1012
     128    1608                                                00010000D   1013
     128       0   -1153       5       0                               0D   1014
     128    1613                                                00010000D   1015
     128       0   -1153       5       0                               0D   1016
     128    1618                                                00010000D   1017
     128       0   -1153       5       0                               0D   1018
     128    1623                                                00010000D   1019
     128       0   -1153       5       0                               0D   1020
     128    1628                                                00010000D   1021
     128       0   -1153       6       0                               0D   1022
     128    1634                                                00010000D   1023
     128       0   -1153       5       0                               0D   1024
     128    1639                                                00010000D   1025
     128       0   -1153       6       0                               0D   1026
     128    1645                                                00010000D   1027
     128       0   -1153       5       0                               0D   1028
     128    1650                                                00010000D   1029
     128       0   -1153       6       0                               0D   1030
     128    1656                                                00010000D   1031
     128       0   -1153       5       0                               0D   1032
     128    1661                                                00010000D   1033
     128       0   -1153       5       0                               0D   1034
     128    1666                                                00010000D   1035
     128       0   -1153       5       0                               0D   1036
     128    1671                                                00010000D   1037
     128       0   -1153       5       0                               0D   1038
     128    1676                                                00010000D   1039
     128       0   -1153       5       0                               0D   1040
     128    1681                                                00010000D   1041
     128       0   -1153       5       0                               0D   1042
     128    1686                                                00010000D   1043
     128       0   -1153      20       0                               0D   1044
     128    1706                                                00010000D   1045
     128       0   -1153      20       0                               0D   1046
     128    1726                                                00010000D   1047
     128       0   -1153      20       0                               0D   1048
     128    1746                                                00010000D   1049
     128       0   -1153      20       0                               0D   1050
     128    1766                                                00010000D   1051
     128       0   -1153       5       0                               0D   1052
     128    1771                                                00010000D   1053
     128       0   -1153       5       0                               0D   1054
     128    1776                                                00010000D   1055
     128       0   -1153       5       0                               0D   1056
     128    1781                                                00010000D   1057
     128       0   -1153       5       0                               0D   1058
     128    1786                                                00010000D   1059
     128       0   -1153       5       0                               0D   1060
     128    1791                                                00010000D   1061
     128       0   -1153       5       0                               0D   1062
     128    1796                                                00010000D   1063
     128       0   -1153       6       0                               0D   1064
     128    1802                                                00010000D   1065
     128       0   -1153       5       0                               0D   1066
     128    1807                                                00010000D   1067
     128       0   -1153       6       0                               0D   1068
     128    1813                                                00010000D   1069
     128       0   -1153       5       0                               0D   1070
     128    1818                                                00010000D   1071
     128       0   -1153       6       0                               0D   1072
     128    1824                                                00010000D   1073
     128       0   -1153       5       0                               0D   1074
     128    1829                                                00010000D   1075
     128       0   -1153       5       0                               0D   1076
     128    1834                                                00010000D   1077
     128       0   -1153       5       0                               0D   1078
     128    1839                                                00010000D   1079
     128       0   -1153       6       0                               0D   1080
     128    1845                                                00010000D   1081
     128       0   -1153       5       0                               0D   1082
     128    1850                                                00010000D   1083
     128       0   -1153       7       0                               0D   1084
     128    1857                                                00010000D   1085
     128       0   -1153      10       0                               0D   1086
     128    1867                                                00010000D   1087
     128       0   -1153      15       0                               0D   1088
     128    1882                                                00010000D   1089
     128       0   -1153       6       0                               0D   1090
     128    1888                                                00010000D   1091
     128       0   -1153       6       0                               0D   1092
     128    1894                                                00010000D   1093
     128       0   -1153       7       0                               0D   1094
     128    1901                                                00010000D   1095
     128       0   -1153       5       0                               0D   1096
     128    1906                                                00010000D   1097
     128       0   -1153       7       0                               0D   1098
     128    1913                                                00010000D   1099
     128       0   -1153      13       0                               0D   1100
     128    1926                                                00010000D   1101
     128       0   -1153       7       0                               0D   1102
     128    1933                                                00010000D   1103
     128       0   -1153      13       0                               0D   1104
     128    1946                                                00010000D   1105
     128       0   -1153       8       0                               0D   1106
     128    1954                                                00010000D   1107
     128       0   -1153       6       0                               0D   1108
     502    1960                                                00010000D   1109
     502                       1       1                               0D   1110
     502    1961                                                00010000D   1111
     502                      25       1                               0D   1112
     502    1986                                                00010000D   1113
     502                      10       1                               0D   1114
     502    1996                                                00010000D   1115
     502                      10       1                               0D   1116
     502    2006                                                00010000D   1117
     502                      28       1                               0D   1118
     502    2034                                                00010000D   1119
     502                      27       1                               0D   1120
     502    2061                                                00010000D   1121
     502                      22       1                               0D   1122
     504    2083                                                00010001D   1123
     504                       2       1                               0D   1124
     504    2085                                                00010001D   1125
     504                      13       1                               0D   1126
     504    2098                                                00010001D   1127
     504                       5       1                               0D   1128
     504    2103                                                00010001D   1129
     504                       5       1                               0D   1130
     504    2108                                                00010001D   1131
     504                      18       1                               0D   1132
     504    2126                                                00010001D   1133
     504                      20       1                               0D   1134
     504    2146                                                00010001D   1135
     504                      13       1                               0D   1136
     406    2159                                                00000000D   1137
     406                       1      15                               0D   1138
     406    2160                                                00000000D   1139
     406                       1      15                               0D   1140
     406    2161                                                00000000D   1141
     406                       1      15                               0D   1142
     406    2162                                                00000000D   1143
     406                       1      15                               0D   1144
     406    2163                                                00000000D   1145
     406                       1      15                               0D   1146
     406    2164                                                00000000D   1147
     406                       1      15                               0D   1148
     406    2165                                                00000000D   1149
     406                       1      15                               0D   1150
     406    2166                                                00000000D   1151
     406                       1      15                               0D   1152
     314    2167                                                00000200D   1153
     314                       2       0                               0D   1154
408,17,0.,0.,0.,1.,0,1,1139;                                           1P      1
408,19,0.,0.,0.,1.,0,1,1141;                                           3P      2
408,21,0.,0.,0.,1.,0,1,1145;                                           5P      3
408,23,0.,0.,0.,1.,0,1,1147;                                           7P      4
408,25,0.,0.,0.,1.,0,1,1149;                                           9P      5
408,27,0.,0.,0.,1.,0,1,1151;                                          11P      6
124,1.,0.,0.,170.999999940395,0.,1.,0.,-15.6537561764059,0.,0.,       13P      7
1.,-0.0999999999999979;                                               13P      8
124,1.,0.,0.,-10.,0.,1.,0.,0.,0.,0.,1.,0.;                            15P      9
308,0,14HComponentHobot,1,29;                                         17P     10
308,0,17HComponentUsilitel,1,31;                                      19P     11
308,0,16HComponentFixtail,2,33,35;                                    21P     12
308,0,19HComponentFrontPlate,1,37;                                    23P     13
308,0,19HComponentMountPlate,1,39;                                    25P     14
308,0,18HComponentFixailExt,1,41;                                     27P     15
186,43,1,0,0,1,1137;                                                  29P     16
186,45,1,0,0,1,1137;                                                  31P     17
186,47,1,0,0,1,1137;                                                  33P     18
186,49,1,0,0,1,1143;                                                  35P     19
186,51,1,0,0,1,1137;                                                  37P     20
186,53,1,0,0,1,1137;                                                  39P     21
186,55,1,0,0,1,1137;                                                  41P     22
514,4,57,1,59,1,61,1,63,1;                                            43P     23
514,15,65,1,67,1,69,1,71,1,73,1,75,1,77,1,79,1,81,1,83,1,85,1,        45P     24
87,1,89,1,91,1,93,1;                                                  45P     25
514,7,95,1,97,1,99,1,101,1,103,1,105,1,107,1;                         47P     26
514,7,109,1,111,1,113,1,115,1,117,1,119,1,121,1;                      49P     27
514,21,123,1,125,1,127,1,129,1,131,1,133,1,135,1,137,1,139,1,         51P     28
141,1,143,1,145,1,147,1,149,1,151,1,153,1,155,1,157,1,159,1,161,      51P     29
1,163,1;                                                              51P     30
514,22,165,1,167,1,169,1,171,1,173,1,175,1,177,1,179,1,181,1,         53P     31
183,1,185,1,187,1,189,1,191,1,193,1,195,1,197,1,199,1,201,1,203,      53P     32
1,205,1,207,1;                                                        53P     33
514,15,209,1,211,1,213,1,215,1,217,1,219,1,221,1,223,1,225,1,         55P     34
227,1,229,1,231,1,233,1,235,1,237,1;                                  55P     35
510,927,1,1,239;                                                      57P     36
510,929,1,1,241;                                                      59P     37
510,931,2,1,243,245;                                                  61P     38
510,933,2,1,247,249;                                                  63P     39
510,935,1,1,251;                                                      65P     40
510,937,1,1,253;                                                      67P     41
510,939,1,1,255;                                                      69P     42
510,941,1,1,257;                                                      71P     43
510,943,1,1,259;                                                      73P     44
510,945,1,1,261;                                                      75P     45
510,947,1,1,263;                                                      77P     46
510,949,1,1,265;                                                      79P     47
510,951,1,1,267;                                                      81P     48
510,953,1,1,269;                                                      83P     49
510,955,1,1,271;                                                      85P     50
510,957,1,1,273;                                                      87P     51
510,959,1,1,275;                                                      89P     52
510,961,1,1,277;                                                      91P     53
510,963,1,1,279;                                                      93P     54
510,965,1,1,281;                                                      95P     55
510,967,1,1,283;                                                      97P     56
510,969,1,1,285;                                                      99P     57
510,971,1,1,287;                                                     101P     58
510,973,1,1,289;                                                     103P     59
510,975,2,1,291,293;                                                 105P     60
510,977,2,1,295,297;                                                 107P     61
510,979,1,1,299;                                                     109P     62
510,981,1,1,301;                                                     111P     63
510,983,1,1,303;                                                     113P     64
510,985,1,1,305;                                                     115P     65
510,987,1,1,307;                                                     117P     66
510,989,2,1,309,311;                                                 119P     67
510,991,2,1,313,315;                                                 121P     68
510,993,1,1,317;                                                     123P     69
510,995,1,1,319;                                                     125P     70
510,997,3,1,321,323,325;                                             127P     71
510,999,1,1,327;                                                     129P     72
510,1001,1,1,329;                                                    131P     73
510,1003,1,1,331;                                                    133P     74
510,1005,1,1,333;                                                    135P     75
510,1007,1,1,335;                                                    137P     76
510,1009,1,1,337;                                                    139P     77
510,1011,1,1,339;                                                    141P     78
510,1013,1,1,341;                                                    143P     79
510,1015,1,1,343;                                                    145P     80
510,1017,1,1,345;                                                    147P     81
510,1019,1,1,347;                                                    149P     82
510,1021,1,1,349;                                                    151P     83
510,1023,1,1,351;                                                    153P     84
510,1025,1,1,353;                                                    155P     85
510,1027,1,1,355;                                                    157P     86
510,1029,1,1,357;                                                    159P     87
510,1031,1,1,359;                                                    161P     88
510,1033,3,1,361,363,365;                                            163P     89
510,1035,1,1,367;                                                    165P     90
510,1037,1,1,369;                                                    167P     91
510,1039,1,1,371;                                                    169P     92
510,1041,1,1,373;                                                    171P     93
510,1043,1,1,375;                                                    173P     94
510,1045,1,1,377;                                                    175P     95
510,1047,1,1,379;                                                    177P     96
510,1049,1,1,381;                                                    179P     97
510,1051,1,1,383;                                                    181P     98
510,1053,1,1,385;                                                    183P     99
510,1055,1,1,387;                                                    185P    100
510,1057,1,1,389;                                                    187P    101
510,1059,1,1,391;                                                    189P    102
510,1061,1,1,393;                                                    191P    103
510,1063,1,1,395;                                                    193P    104
510,1065,1,1,397;                                                    195P    105
510,1067,1,1,399;                                                    197P    106
510,1069,1,1,401;                                                    199P    107
510,1071,1,1,403;                                                    201P    108
510,1073,1,1,405;                                                    203P    109
510,1075,6,1,407,409,411,413,415,417;                                205P    110
510,1077,6,1,419,421,423,425,427,429;                                207P    111
510,1079,1,1,431;                                                    209P    112
510,1081,1,1,433;                                                    211P    113
510,1083,1,1,435;                                                    213P    114
510,1085,1,1,437;                                                    215P    115
510,1087,1,1,439;                                                    217P    116
510,1089,2,1,441,443;                                                219P    117
510,1091,1,1,445;                                                    221P    118
510,1093,1,1,447;                                                    223P    119
510,1095,1,1,449;                                                    225P    120
510,1097,1,1,451;                                                    227P    121
510,1099,1,1,453;                                                    229P    122
510,1101,1,1,455;                                                    231P    123
510,1103,1,1,457;                                                    233P    124
510,1105,1,1,459;                                                    235P    125
510,1107,2,1,461,463;                                                237P    126
508,4,0,1123,1,0,0,0,1123,2,1,0,0,1123,3,0,0,0,1123,2,0,0;           239P    127
508,4,0,1123,4,0,0,0,1123,5,1,0,0,1123,6,0,0,0,1123,5,0,0;           241P    128
508,1,0,1123,6,1,0;                                                  243P    129
508,1,0,1123,3,1,0;                                                  245P    130
508,1,0,1123,4,1,0;                                                  247P    131
508,1,0,1123,1,1,0;                                                  249P    132
508,4,0,1125,1,0,0,0,1125,2,1,0,0,1125,3,0,0,0,1125,4,0,0;           251P    133
508,4,0,1125,5,0,0,0,1125,6,1,0,0,1125,7,0,0,0,1125,8,0,0;           253P    134
508,4,0,1125,9,1,0,0,1125,7,1,0,0,1125,10,1,0,0,1125,3,1,0;          255P    135
508,4,0,1125,1,1,0,0,1125,11,0,0,0,1125,12,1,0,0,1125,13,0,0;        257P    136
508,4,0,1125,5,1,0,0,1125,14,0,0,0,1125,15,0,0,0,1125,16,0,0;        259P    137
508,4,0,1125,17,0,0,0,1125,18,1,0,0,1125,19,0,0,0,1125,20,0,0;       261P    138
508,4,0,1125,21,0,0,0,1125,22,1,0,0,1125,23,0,0,0,1125,24,0,0;       263P    139
508,4,0,1125,25,1,0,0,1125,23,1,0,0,1125,26,1,0,0,1125,19,1,0;       265P    140
508,4,0,1125,17,1,0,0,1125,27,0,0,0,1125,28,1,0,0,1125,29,0,0;       267P    141
508,4,0,1125,21,1,0,0,1125,30,0,0,0,1125,12,0,0,0,1125,31,0,0;       269P    142
508,13,0,1125,32,1,0,0,1125,33,1,0,0,1125,34,1,0,0,1125,27,1,0,      271P    143
0,1125,20,1,0,0,1125,26,0,0,0,1125,22,0,0,0,1125,31,1,0,0,1125,      271P    144
11,1,0,0,1125,4,1,0,0,1125,10,0,0,0,1125,6,0,0,0,1125,16,1,0;        271P    145
508,4,0,1125,35,0,0,0,1125,36,0,0,0,1125,37,0,0,0,1125,33,0,0;       273P    146
508,4,0,1125,37,1,0,0,1125,38,0,0,0,1125,28,0,0,0,1125,34,0,0;       275P    147
508,4,0,1125,15,1,0,0,1125,39,0,0,0,1125,35,1,0,0,1125,32,0,0;       277P    148
508,13,0,1125,39,1,0,0,1125,14,1,0,0,1125,8,1,0,0,1125,9,0,0,0,      279P    149
1125,2,0,0,0,1125,13,1,0,0,1125,30,1,0,0,1125,24,1,0,0,1125,25,      279P    150
0,0,0,1125,18,0,0,0,1125,29,1,0,0,1125,38,1,0,0,1125,36,1,0;         279P    151
508,4,0,1127,1,1,0,0,1127,2,1,0,0,1127,3,0,0,0,1127,4,0,0;           281P    152
508,4,0,1127,5,1,0,0,1127,4,1,0,0,1127,6,0,0,0,1127,7,0,0;           283P    153
508,4,0,1127,8,1,0,0,1127,7,1,0,0,1127,9,0,0,0,1127,10,0,0;          285P    154
508,4,0,1127,11,1,0,0,1127,10,1,0,0,1127,12,0,0,0,1127,2,0,0;        287P    155
508,4,0,1127,13,0,0,0,1127,14,1,0,0,1127,15,1,0,0,1127,14,0,0;       289P    156
508,1,0,1127,13,1,0;                                                 291P    157
508,4,0,1127,12,1,0,0,1127,9,1,0,0,1127,6,1,0,0,1127,3,1,0;          293P    158
508,1,0,1127,15,0,0;                                                 295P    159
508,4,0,1127,11,0,0,0,1127,1,0,0,0,1127,5,0,0,0,1127,8,0,0;          297P    160
508,4,0,1129,1,1,0,0,1129,2,1,0,0,1129,3,0,0,0,1129,4,0,0;           299P    161
508,4,0,1129,5,1,0,0,1129,4,1,0,0,1129,6,0,0,0,1129,7,0,0;           301P    162
508,4,0,1129,8,1,0,0,1129,7,1,0,0,1129,9,0,0,0,1129,10,0,0;          303P    163
508,4,0,1129,11,1,0,0,1129,10,1,0,0,1129,12,0,0,0,1129,2,0,0;        305P    164
508,4,0,1129,13,0,0,0,1129,14,1,0,0,1129,15,1,0,0,1129,14,0,0;       307P    165
508,1,0,1129,13,1,0;                                                 309P    166
508,4,0,1129,12,1,0,0,1129,9,1,0,0,1129,6,1,0,0,1129,3,1,0;          311P    167
508,1,0,1129,15,0,0;                                                 313P    168
508,4,0,1129,11,0,0,0,1129,1,0,0,0,1129,5,0,0,0,1129,8,0,0;          315P    169
508,4,0,1131,1,1,0,0,1131,2,1,0,0,1131,3,1,0,0,1131,4,1,0;           317P    170
508,4,0,1131,4,0,0,0,1131,5,1,0,0,1131,6,0,0,0,1131,7,0,0;           319P    171
508,14,0,1131,3,0,0,0,1131,8,0,0,0,1131,9,0,0,0,1131,10,0,0,0,       321P    172
1131,11,0,0,0,1131,12,0,0,0,1131,13,0,0,0,1131,14,0,0,0,1131,15,     321P    173
0,0,0,1131,16,0,0,0,1131,17,0,0,0,1131,18,0,0,0,1131,19,0,0,0,       321P    174
1131,5,0,0;                                                          321P    175
508,4,0,1131,20,1,0,0,1131,21,1,0,0,1131,22,1,0,0,1131,23,1,0;       323P    176
508,1,0,1131,24,1,0;                                                 325P    177
508,4,0,1131,25,1,0,0,1131,6,1,0,0,1131,19,1,0,0,1131,26,1,0;        327P    178
508,4,0,1131,20,0,0,0,1131,27,1,0,0,1131,28,0,0,0,1131,29,0,0;       329P    179
508,4,0,1131,23,0,0,0,1131,30,1,0,0,1131,31,0,0,0,1131,27,0,0;       331P    180
508,4,0,1131,22,0,0,0,1131,32,1,0,0,1131,33,0,0,0,1131,30,0,0;       333P    181
508,4,0,1131,21,0,0,0,1131,29,1,0,0,1131,34,0,0,0,1131,32,0,0;       335P    182
508,4,0,1131,24,0,0,0,1131,35,1,0,0,1131,36,0,0,0,1131,35,0,0;       337P    183
508,4,0,1131,17,1,0,0,1131,37,1,0,0,1131,38,0,0,0,1131,39,0,0;       339P    184
508,4,0,1131,26,0,0,0,1131,18,1,0,0,1131,39,1,0,0,1131,40,0,0;       341P    185
508,4,0,1131,2,0,0,0,1131,41,0,0,0,1131,42,0,0,0,1131,8,1,0;         343P    186
508,4,0,1131,9,1,0,0,1131,42,1,0,0,1131,43,0,0,0,1131,44,0,0;        345P    187
508,4,0,1131,10,1,0,0,1131,44,1,0,0,1131,45,0,0,0,1131,46,0,0;       347P    188
508,4,0,1131,11,1,0,0,1131,46,1,0,0,1131,47,0,0,0,1131,48,0,0;       349P    189
508,4,0,1131,12,1,0,0,1131,48,1,0,0,1131,49,0,0,0,1131,50,0,0;       351P    190
508,4,0,1131,13,1,0,0,1131,50,1,0,0,1131,51,0,0,0,1131,52,0,0;       353P    191
508,4,0,1131,14,1,0,0,1131,52,1,0,0,1131,53,0,0,0,1131,54,0,0;       355P    192
508,4,0,1131,15,1,0,0,1131,54,1,0,0,1131,55,0,0,0,1131,56,0,0;       357P    193
508,4,0,1131,16,1,0,0,1131,56,1,0,0,1131,57,0,0,0,1131,37,0,0;       359P    194
508,14,0,1131,1,0,0,0,1131,7,1,0,0,1131,25,0,0,0,1131,40,1,0,0,      361P    195
1131,38,1,0,0,1131,57,1,0,0,1131,55,1,0,0,1131,53,1,0,0,1131,51,     361P    196
1,0,0,1131,49,1,0,0,1131,47,1,0,0,1131,45,1,0,0,1131,43,1,0,0,       361P    197
1131,41,1,0;                                                         361P    198
508,4,0,1131,28,1,0,0,1131,31,1,0,0,1131,33,1,0,0,1131,34,1,0;       363P    199
508,1,0,1131,36,1,0;                                                 365P    200
508,4,0,1133,1,0,0,0,1133,2,1,0,0,1133,3,0,0,0,1133,4,0,0;           367P    201
508,4,0,1133,5,0,0,0,1133,6,1,0,0,1133,7,0,0,0,1133,2,0,0;           369P    202
508,4,0,1133,8,0,0,0,1133,9,1,0,0,1133,10,0,0,0,1133,6,0,0;          371P    203
508,4,0,1133,11,0,0,0,1133,4,1,0,0,1133,12,0,0,0,1133,9,0,0;         373P    204
508,4,0,1133,13,0,0,0,1133,14,1,0,0,1133,15,1,0,0,1133,14,0,0;       375P    205
508,4,0,1133,16,0,0,0,1133,17,1,0,0,1133,18,1,0,0,1133,17,0,0;       377P    206
508,4,0,1133,19,0,0,0,1133,20,1,0,0,1133,21,1,0,0,1133,20,0,0;       379P    207
508,4,0,1133,22,0,0,0,1133,23,1,0,0,1133,24,1,0,0,1133,23,0,0;       381P    208
508,4,0,1133,25,0,0,0,1133,26,1,0,0,1133,27,0,0,0,1133,28,0,0;       383P    209
508,4,0,1133,29,0,0,0,1133,28,1,0,0,1133,30,0,0,0,1133,31,0,0;       385P    210
508,4,0,1133,32,0,0,0,1133,31,1,0,0,1133,33,0,0,0,1133,34,0,0;       387P    211
508,4,0,1133,35,0,0,0,1133,34,1,0,0,1133,36,0,0,0,1133,37,0,0;       389P    212
508,4,0,1133,38,0,0,0,1133,37,1,0,0,1133,39,0,0,0,1133,40,0,0;       391P    213
508,4,0,1133,41,0,0,0,1133,40,1,0,0,1133,42,0,0,0,1133,43,0,0;       393P    214
508,4,0,1133,44,0,0,0,1133,43,1,0,0,1133,45,0,0,0,1133,46,0,0;       395P    215
508,4,0,1133,47,0,0,0,1133,46,1,0,0,1133,48,0,0,0,1133,49,0,0;       397P    216
508,4,0,1133,50,0,0,0,1133,49,1,0,0,1133,51,0,0,0,1133,52,0,0;       399P    217
508,4,0,1133,53,1,0,0,1133,52,1,0,0,1133,54,0,0,0,1133,55,0,0;       401P    218
508,4,0,1133,56,1,0,0,1133,55,1,0,0,1133,57,0,0,0,1133,58,0,0;       403P    219
508,4,0,1133,59,1,0,0,1133,58,1,0,0,1133,60,0,0,0,1133,26,0,0;       405P    220
508,12,0,1133,60,1,0,0,1133,57,1,0,0,1133,54,1,0,0,1133,51,1,0,      407P    221
0,1133,48,1,0,0,1133,45,1,0,0,1133,42,1,0,0,1133,39,1,0,0,1133,      407P    222
36,1,0,0,1133,33,1,0,0,1133,30,1,0,0,1133,27,1,0;                    407P    223
508,4,0,1133,3,1,0,0,1133,7,1,0,0,1133,10,1,0,0,1133,12,1,0;         409P    224
508,1,0,1133,22,1,0;                                                 411P    225
508,1,0,1133,19,1,0;                                                 413P    226
508,1,0,1133,16,1,0;                                                 415P    227
508,1,0,1133,13,1,0;                                                 417P    228
508,12,0,1133,59,0,0,0,1133,25,1,0,0,1133,29,1,0,0,1133,32,1,0,      419P    229
0,1133,35,1,0,0,1133,38,1,0,0,1133,41,1,0,0,1133,44,1,0,0,1133,      419P    230
47,1,0,0,1133,50,1,0,0,1133,53,0,0,0,1133,56,0,0;                    419P    231
508,4,0,1133,1,1,0,0,1133,11,1,0,0,1133,8,1,0,0,1133,5,1,0;          421P    232
508,1,0,1133,24,0,0;                                                 423P    233
508,1,0,1133,21,0,0;                                                 425P    234
508,1,0,1133,18,0,0;                                                 427P    235
508,1,0,1133,15,0,0;                                                 429P    236
508,4,0,1135,1,0,0,0,1135,2,0,0,0,1135,3,0,0,0,1135,4,0,0;           431P    237
508,4,0,1135,5,1,0,0,1135,4,1,0,0,1135,6,0,0,0,1135,7,0,0;           433P    238
508,4,0,1135,8,1,0,0,1135,7,1,0,0,1135,9,0,0,0,1135,10,0,0;          435P    239
508,4,0,1135,2,1,0,0,1135,11,1,0,0,1135,12,1,0,0,1135,13,0,0;        437P    240
508,4,0,1135,10,1,0,0,1135,14,0,0,0,1135,15,0,0,0,1135,16,1,0;       439P    241
508,9,0,1135,16,0,0,0,1135,17,1,0,0,1135,18,1,0,0,1135,19,1,0,0,     441P    242
1135,20,0,0,0,1135,11,0,0,0,1135,1,1,0,0,1135,5,0,0,0,1135,8,0,      441P    243
0;                                                                   441P    244
508,4,0,1135,21,1,0,0,1135,22,1,0,0,1135,23,1,0,0,1135,24,1,0;       443P    245
508,4,0,1135,20,1,0,0,1135,25,1,0,0,1135,26,0,0,0,1135,12,0,0;       445P    246
508,4,0,1135,18,0,0,0,1135,27,1,0,0,1135,28,0,0,0,1135,29,0,0;       447P    247
508,4,0,1135,19,0,0,0,1135,29,1,0,0,1135,30,0,0,0,1135,25,0,0;       449P    248
508,4,0,1135,31,0,0,0,1135,32,0,0,0,1135,23,0,0,0,1135,33,1,0;       451P    249
508,4,0,1135,34,0,0,0,1135,33,0,0,0,1135,22,0,0,0,1135,35,1,0;       453P    250
508,4,0,1135,36,0,0,0,1135,35,0,0,0,1135,21,0,0,0,1135,37,1,0;       455P    251
508,4,0,1135,38,0,0,0,1135,37,0,0,0,1135,24,0,0,0,1135,32,1,0;       457P    252
508,4,0,1135,17,0,0,0,1135,15,1,0,0,1135,39,0,0,0,1135,27,0,0;       459P    253
508,9,0,1135,14,1,0,0,1135,9,1,0,0,1135,6,1,0,0,1135,3,1,0,0,        461P    254
1135,13,1,0,0,1135,26,1,0,0,1135,30,1,0,0,1135,28,1,0,0,1135,39,     461P    255
1,0;                                                                 461P    256
508,4,0,1135,36,1,0,0,1135,38,1,0,0,1135,31,1,0,0,1135,34,1,0;       463P    257
126,8,2,0,1,0,0,-3.14159265358979,-3.14159265358979,                 465P    258
-3.14159265358979,-1.5707963267949,-1.5707963267949,0.,0.,           465P    259
1.5707963267949,1.5707963267949,3.14159265358979,                    465P    260
3.14159265358979,3.14159265358979,1.,0.707106781186548,1.,           465P    261
0.707106781186548,1.,0.707106781186548,1.,0.707106781186548,1.,      465P    262
-167.,28.,38.,-167.,28.,30.,-167.,20.,30.,-167.,12.,30.,-167.,       465P    263
12.,38.,-167.,12.,46.,-167.,20.,46.,-167.,28.,46.,-167.,28.,38.,     465P    264
-3.14159265358979,3.14159265358979,0.,0.,0.;                         465P    265
126,1,1,0,0,1,0,-6.25,-6.25,0.,0.,1.,1.,-167.,28.,38.,-217.,28.,     467P    266
38.,-6.25,0.,0.,0.,0.;                                               467P    267
126,8,2,0,1,0,0,-3.14159265358979,-3.14159265358979,                 469P    268
-3.14159265358979,-1.5707963267949,-1.5707963267949,0.,0.,           469P    269
1.5707963267949,1.5707963267949,3.14159265358979,                    469P    270
3.14159265358979,3.14159265358979,1.,0.707106781186548,1.,           469P    271
0.707106781186548,1.,0.707106781186548,1.,0.707106781186548,1.,      469P    272
-217.,28.,38.,-217.,28.,46.,-217.,20.,46.,-217.,12.,46.,-217.,       469P    273
12.,38.,-217.,12.,30.,-217.,20.,30.,-217.,28.,30.,-217.,28.,38.,     469P    274
-3.14159265358979,3.14159265358979,0.,0.,0.;                         469P    275
126,8,2,0,1,0,0,-3.14159265358979,-3.14159265358979,                 471P    276
-3.14159265358979,-1.5707963267949,-1.5707963267949,0.,0.,           471P    277
1.5707963267949,1.5707963267949,3.14159265358979,                    471P    278
3.14159265358979,3.14159265358979,1.,0.707106781186548,1.,           471P    279
0.707106781186548,1.,0.707106781186547,1.,0.707106781186547,1.,      471P    280
-167.,30.,38.,-167.,30.,48.,-167.,20.,48.,-167.,10.,48.,-167.,       471P    281
10.,38.,-167.,10.,28.,-167.,20.,28.,-167.,30.,28.,-167.,30.,38.,     471P    282
-3.14159265358979,3.14159265358979,0.,0.,0.;                         471P    283
126,1,1,0,0,1,0,-5.,-5.,0.,0.,1.,1.,-167.,30.,38.,-217.,30.,38.,     473P    284
-5.,0.,0.,0.,0.;                                                     473P    285
126,8,2,0,1,0,0,-3.14159265358979,-3.14159265358979,                 475P    286
-3.14159265358979,-1.5707963267949,-1.5707963267949,0.,0.,           475P    287
1.5707963267949,1.5707963267949,3.14159265358979,                    475P    288
3.14159265358979,3.14159265358979,1.,0.707106781186547,1.,           475P    289
0.707106781186547,1.,0.707106781186548,1.,0.707106781186548,1.,      475P    290
-217.,30.,38.,-217.,30.,28.,-217.,20.,28.,-217.,10.,28.,-217.,       475P    291
10.,38.,-217.,10.,48.,-217.,20.,48.,-217.,30.,48.,-217.,30.,38.,     475P    292
-3.14159265358979,3.14159265358979,0.,0.,0.;                         475P    293
126,1,1,0,0,1,0,-0.375,-0.375,0.125,0.125,1.,1.,                     477P    294
6.69999997019767,6.84624382359411,5.00000000000002,                  477P    295
6.69999997019767,1.84624382359411,5.00000000000002,-0.375,0.125,     477P    296
0.,0.,0.;                                                            477P    297
126,1,1,0,0,1,0,0.,0.,0.5,0.5,1.,1.,6.69999997019767,                479P    298
6.84624382359411,5.00000000000002,6.69999997019767,                  479P    299
6.84624382359411,1.66533453693773D-14,0.,0.5,0.,0.,0.;               479P    300
126,1,1,0,0,1,0,-0.51,-0.51,-0.0099999999999999,                     481P    301
-0.0099999999999999,1.,1.,6.69999997019767,1.84624382359411,         481P    302
1.66533453693773D-14,6.69999997019767,6.84624382359411,              481P    303
1.66533453693773D-14,-0.51,-0.0099999999999999,0.,0.,0.;             481P    304
126,1,1,0,0,1,0,0.,0.,0.5,0.5,1.,1.,6.69999997019767,                483P    305
1.84624382359411,5.00000000000002,6.69999997019767,                  483P    306
1.84624382359411,1.66533453693773D-14,0.,0.5,0.,0.,0.;               483P    307
126,1,1,0,0,1,0,-0.375,-0.375,0.125,0.125,1.,1.,                     485P    308
16.2999999701977,1.84624382359411,5.00000000000002,                  485P    309
16.2999999701977,6.84624382359411,5.00000000000002,-0.375,0.125,     485P    310
0.,0.,0.;                                                            485P    311
126,1,1,0,0,1,0,0.,0.,0.5,0.5,1.,1.,16.2999999701977,                487P    312
1.84624382359411,5.00000000000002,16.2999999701977,                  487P    313
1.84624382359411,1.66533453693773D-14,0.,0.5,0.,0.,0.;               487P    314
126,1,1,0,0,1,0,-0.51,-0.51,-0.0100000000000001,                     489P    315
-0.0100000000000001,1.,1.,16.2999999701977,6.84624382359411,         489P    316
1.66533453693773D-14,16.2999999701977,1.84624382359411,              489P    317
1.66533453693773D-14,-0.51,-0.0100000000000001,0.,0.,0.;             489P    318
126,1,1,0,0,1,0,0.,0.,0.5,0.5,1.,1.,16.2999999701977,                491P    319
6.84624382359411,5.00000000000002,16.2999999701977,                  491P    320
6.84624382359411,1.66533453693773D-14,0.,0.5,0.,0.,0.;               491P    321
126,1,1,0,0,1,0,1.47000000298023,1.47000000298023,                   493P    322
2.43000000298023,2.43000000298023,1.,1.,6.69999997019767,            493P    323
6.84624382359411,1.66533453693773D-14,16.2999999701977,              493P    324
6.84624382359411,1.66533453693773D-14,1.47000000298023,              493P    325
2.43000000298023,0.,0.,0.;                                           493P    326
126,1,1,0,0,1,0,1.29252831864997,1.29252831864997,                   495P    327
2.25252831864997,2.25252831864997,1.,1.,16.2999999701977,            495P    328
1.84624382359411,1.66533453693773D-14,6.69999997019767,              495P    329
1.84624382359411,1.66533453693773D-14,1.29252831864997,              495P    330
2.25252831864997,0.,0.,0.;                                           495P    331
126,1,1,0,0,1,0,-3.7225283216302,-3.7225283216302,                   497P    332
-2.25252831864997,-2.25252831864997,1.,1.,-8.00000005960464,         497P    333
1.84624382359411,5.00000000000002,6.69999997019767,                  497P    334
1.84624382359411,5.00000000000002,-3.7225283216302,                  497P    335
-2.25252831864997,0.,0.,0.;                                          497P    336
126,1,1,0,0,1,0,-0.25,-0.25,0.25,0.25,1.,1.,-8.00000005960464,       499P    337
1.84624382359411,5.00000000000002,-8.00000005960464,                 499P    338
6.84624382359411,5.00000000000002,-0.25,0.25,0.,0.,0.;               499P    339
126,1,1,0,0,1,0,2.25252831864997,2.25252831864997,                   501P    340
3.7225283216302,3.7225283216302,1.,1.,6.69999997019767,              501P    341
6.84624382359411,5.00000000000002,-8.00000005960464,                 501P    342
6.84624382359411,5.00000000000002,2.25252831864997,                  501P    343
3.7225283216302,0.,0.,0.;                                            501P    344
126,1,1,0,0,1,0,1.32447095942367D-32,1.32447095942367D-32,           503P    345
1.29252831864997,1.29252831864997,1.,1.,29.2252831566974,            503P    346
6.84624382359411,5.00000000000001,16.2999999701977,                  503P    347
6.84624382359411,5.00000000000002,1.32447095942367D-32,              503P    348
1.29252831864997,0.,0.,0.;                                           503P    349
126,1,1,0,0,1,0,-0.25,-0.25,0.25,0.25,1.,1.,29.2252831566974,        505P    350
1.84624382359411,5.00000000000002,29.2252831566974,                  505P    351
6.84624382359411,5.00000000000002,-0.25,0.25,0.,0.,0.;               505P    352
126,1,1,0,0,1,0,-1.29252831864997,-1.29252831864997,0.,0.,1.,1.,     507P    353
16.2999999701977,1.84624382359411,5.00000000000002,                  507P    354
29.2252831566974,1.84624382359411,5.00000000000001,                  507P    355
-1.29252831864997,0.,0.,0.,0.;                                       507P    356
126,1,1,0,0,1,0,-0.375,-0.375,0.125,0.125,1.,1.,                     509P    357
-8.00000005960464,6.84624382359411,23.2871136996046,                 509P    358
-8.00000005960464,1.84624382359411,23.2871136996046,-0.375,          509P    359
0.125,0.,0.,0.;                                                      509P    360
126,1,1,0,0,1,0,0.,0.,0.5,0.5,1.,1.,-8.00000005960464,               511P    361
6.84624382359411,23.2871136996046,-13.0000000596046,                 511P    362
6.84624382359411,23.2871136996046,0.,0.5,0.,0.,0.;                   511P    363
126,1,1,0,0,1,0,0.0099999999999999,0.0099999999999999,0.51,0.51,     513P    364
1.,1.,-13.0000000596046,1.84624382359411,23.2871136996046,           513P    365
-13.0000000596046,6.84624382359411,23.2871136996046,                 513P    366
0.0099999999999999,0.51,0.,0.,0.;                                    513P    367
126,1,1,0,0,1,0,0.,0.,0.5,0.5,1.,1.,-8.00000005960464,               515P    368
1.84624382359411,23.2871136996046,-13.0000000596046,                 515P    369
1.84624382359411,23.2871136996046,0.,0.5,0.,0.,0.;                   515P    370
126,1,1,0,0,1,0,-0.375,-0.375,0.125,0.125,1.,1.,                     517P    371
-8.00000005960464,1.84624382359411,13.6871136996046,                 517P    372
-8.00000005960464,6.84624382359411,13.6871136996046,-0.375,          517P    373
0.125,0.,0.,0.;                                                      517P    374
126,1,1,0,0,1,0,0.,0.,0.5,0.5,1.,1.,-8.00000005960464,               519P    375
1.84624382359411,13.6871136996046,-13.0000000596046,                 519P    376
1.84624382359411,13.6871136996046,0.,0.5,0.,0.,0.;                   519P    377
126,1,1,0,0,1,0,0.0100000000000001,0.0100000000000001,0.51,0.51,     521P    378
1.,1.,-13.0000000596046,6.84624382359411,13.6871136996046,           521P    379
-13.0000000596046,1.84624382359411,13.6871136996046,                 521P    380
0.0100000000000001,0.51,0.,0.,0.;                                    521P    381
126,1,1,0,0,1,0,0.,0.,0.5,0.5,1.,1.,-8.00000005960464,               523P    382
6.84624382359411,13.6871136996046,-13.0000000596046,                 523P    383
6.84624382359411,13.6871136996046,0.,0.5,0.,0.,0.;                   523P    384
126,1,1,0,0,1,0,0.451288630039544,0.451288630039544,                 525P    385
1.41128863003954,1.41128863003954,1.,1.,-13.0000000596046,           525P    386
6.84624382359411,23.2871136996046,-13.0000000596046,                 525P    387
6.84624382359411,13.6871136996046,0.451288630039544,                 525P    388
1.41128863003954,0.,0.,0.;                                           525P    389
126,1,1,0,0,1,0,0.868711369960455,0.868711369960455,                 527P    390
1.82871136996046,1.82871136996046,1.,1.,-13.0000000596046,           527P    391
1.84624382359411,13.6871136996046,-13.0000000596046,                 527P    392
1.84624382359411,23.2871136996046,0.868711369960455,                 527P    393
1.82871136996046,0.,0.,0.;                                           527P    394
126,1,1,0,0,1,0,-2.28,-2.28,-1.82871136996046,-1.82871136996046,     529P    395
1.,1.,-8.00000005960464,1.84624382359411,27.8,-8.00000005960464,     529P    396
1.84624382359411,23.2871136996046,-2.28,-1.82871136996046,0.,0.,     529P    397
0.;                                                                  529P    398
126,1,1,0,0,1,0,-0.25,-0.25,0.25,0.25,1.,1.,-8.00000005960464,       531P    399
1.84624382359411,27.8,-8.00000005960464,6.84624382359411,27.8,       531P    400
-0.25,0.25,0.,0.,0.;                                                 531P    401
126,1,1,0,0,1,0,1.82871136996046,1.82871136996046,2.28,2.28,1.,      533P    402
1.,-8.00000005960464,6.84624382359411,23.2871136996046,              533P    403
-8.00000005960464,6.84624382359411,27.8,1.82871136996046,2.28,       533P    404
0.,0.,0.;                                                            533P    405
126,1,1,0,0,1,0,0.,0.,0.868711369960455,0.868711369960455,1.,1.,     535P    406
-8.00000005960464,6.84624382359411,5.00000000000002,                 535P    407
-8.00000005960464,6.84624382359411,13.6871136996046,0.,              535P    408
0.868711369960455,0.,0.,0.;                                          535P    409
126,1,1,0,0,1,0,-0.868711369960455,-0.868711369960455,0.,0.,1.,      537P    410
1.,-8.00000005960464,1.84624382359411,13.6871136996046,              537P    411
-8.00000005960464,1.84624382359411,5.00000000000002,                 537P    412
-0.868711369960455,0.,0.,0.,0.;                                      537P    413
126,1,1,0,0,1,0,-1.06518026581821,-1.06518026581821,0.,0.,1.,1.,     539P    414
29.2252831566974,1.84624382359411,5.00000000000002,                  539P    415
27.6829108650224,1.84624382359411,15.5395439931113,                  539P    416
-1.06518026581821,0.,0.,0.,0.;                                       539P    417
126,1,1,0,0,1,0,-1.83722843671693,-1.83722843671693,0.,0.,1.,1.,     541P    418
27.6829108650224,1.84624382359411,15.5395439931113,                  541P    419
13.9999999403954,1.84624382359411,27.8,-1.83722843671693,0.,0.,      541P    420
0.,0.;                                                               541P    421
126,1,1,0,0,1,0,-2.2,-2.2,0.,0.,1.,1.,13.9999999403954,              543P    422
1.84624382359411,27.8,-8.00000005960464,1.84624382359411,27.8,       543P    423
-2.2,0.,0.,0.,0.;                                                    543P    424
126,1,1,0,0,1,0,-0.25,-0.25,0.25,0.25,1.,1.,27.6829108650224,        545P    425
6.84624382359411,15.5395439931113,27.6829108650224,                  545P    426
1.84624382359411,15.5395439931113,-0.25,0.25,0.,0.,0.;               545P    427
126,1,1,0,0,1,0,0.,0.,1.83722843671693,1.83722843671693,1.,1.,       547P    428
13.9999999403954,6.84624382359411,27.8,27.6829108650224,             547P    429
6.84624382359411,15.5395439931113,0.,1.83722843671693,0.,0.,0.;      547P    430
126,1,1,0,0,1,0,-0.25,-0.25,0.25,0.25,1.,1.,13.9999999403954,        549P    431
1.84624382359411,27.8,13.9999999403954,6.84624382359411,27.8,        549P    432
-0.25,0.25,0.,0.,0.;                                                 549P    433
126,1,1,0,0,1,0,0.,0.,2.2,2.2,1.,1.,-8.00000005960464,               551P    434
6.84624382359411,27.8,13.9999999403954,6.84624382359411,27.8,0.,     551P    435
2.2,0.,0.,0.;                                                        551P    436
126,1,1,0,0,1,0,0.,0.,1.06518026581821,1.06518026581821,1.,1.,       553P    437
27.6829108650224,6.84624382359411,15.5395439931113,                  553P    438
29.2252831566974,6.84624382359411,5.00000000000002,0.,               553P    439
1.06518026581821,0.,0.,0.;                                           553P    440
126,1,1,0,0,1,0,0.,0.,0.654217089351846,0.654217089351846,1.,1.,     555P    441
3.99999994039536,9.19624382359411,41.1710854467592,                  555P    442
3.99999994039536,9.19624382359411,34.6289145532408,0.,               555P    443
0.654217089351846,0.,0.,0.;                                          555P    444
126,1,1,0,0,1,0,0.,0.,1.,1.,1.,1.,3.99999994039536,                  557P    445
9.19624382359411,34.6289145532408,13.9999999403954,                  557P    446
9.19624382359411,34.6289145532408,0.,1.,0.,0.,0.;                    557P    447
126,1,1,0,0,1,0,0.,0.,0.654217089351846,0.654217089351846,1.,1.,     559P    448
13.9999999403954,9.19624382359411,41.1710854467592,                  559P    449
13.9999999403954,9.19624382359411,34.6289145532408,0.,               559P    450
0.654217089351846,0.,0.,0.;                                          559P    451
126,1,1,0,0,1,0,0.,0.,1.,1.,1.,1.,3.99999994039536,                  561P    452
9.19624382359411,41.1710854467592,13.9999999403954,                  561P    453
9.19624382359411,41.1710854467592,0.,1.,0.,0.,0.;                    561P    454
126,4,2,0,0,0,0,-1.95484836682572,-1.95484836682572,                 563P    455
-1.95484836682572,-0.977424183412858,-0.977424183412858,0.,0.,       563P    456
0.,1.,0.882938249661014,1.,0.882938249661027,1.,                     563P    457
3.99999994039536,-0.503756176405895,41.1710854467592,                563P    458
3.99999994039536,1.23559431092224,43.75,3.99999994039536,            563P    459
4.34624382359411,43.75,3.99999994039536,7.45689333626597,43.75,      563P    460
3.99999994039536,9.19624382359411,41.1710854467592,                  563P    461
-1.95484836682572,0.,0.,0.,0.;                                       563P    462
126,4,2,0,0,0,0,-1.95484836682572,-1.95484836682572,                 565P    463
-1.95484836682572,-0.977424183412858,-0.977424183412858,0.,0.,       565P    464
0.,1.,0.882938249661014,1.,0.882938249661027,1.,                     565P    465
13.9999999403954,-0.503756176405895,41.1710854467592,                565P    466
13.9999999403954,1.23559431092224,43.75,13.9999999403954,            565P    467
4.34624382359411,43.75,13.9999999403954,7.45689333626597,43.75,      565P    468
13.9999999403954,9.19624382359411,41.1710854467592,                  565P    469
-1.95484836682572,0.,0.,0.,0.;                                       565P    470
126,1,1,0,0,1,0,0.,0.,1.,1.,1.,1.,3.99999994039536,                  567P    471
-0.503756176405895,41.1710854467592,13.9999999403954,                567P    472
-0.503756176405895,41.1710854467592,0.,1.,0.,0.,0.;                  567P    473
126,1,1,0,0,1,0,0.,0.,0.654217089351844,0.654217089351844,1.,1.,     569P    474
3.99999994039536,-0.503756176405886,34.6289145532408,                569P    475
3.99999994039536,-0.503756176405886,41.1710854467592,0.,             569P    476
0.654217089351844,0.,0.,0.;                                          569P    477
126,1,1,0,0,1,0,0.,0.,0.654217089351844,0.654217089351844,1.,1.,     571P    478
13.9999999403954,-0.503756176405886,34.6289145532408,                571P    479
13.9999999403954,-0.503756176405886,41.1710854467592,0.,             571P    480
0.654217089351844,0.,0.,0.;                                          571P    481
126,1,1,0,0,1,0,0.,0.,1.,1.,1.,1.,3.99999994039536,                  573P    482
-0.503756176405886,34.6289145532408,13.9999999403954,                573P    483
-0.503756176405886,34.6289145532408,0.,1.,0.,0.,0.;                  573P    484
126,4,2,0,0,0,0,-1.95484836682571,-1.95484836682571,                 575P    485
-1.95484836682571,-0.977424183412857,-0.977424183412857,0.,0.,       575P    486
0.,1.,0.882938249661017,1.,0.882938249661018,1.,                     575P    487
3.99999994039536,9.19624382359411,34.6289145532408,                  575P    488
3.99999994039536,7.45689333626597,32.05,3.99999994039536,            575P    489
4.34624382359411,32.05,3.99999994039536,1.23559431092225,32.05,      575P    490
3.99999994039536,-0.503756176405886,34.6289145532408,                575P    491
-1.95484836682571,0.,0.,0.,0.;                                       575P    492
126,4,2,0,0,0,0,-1.95484836682571,-1.95484836682571,                 577P    493
-1.95484836682571,-0.977424183412857,-0.977424183412857,0.,0.,       577P    494
0.,1.,0.882938249661017,1.,0.882938249661018,1.,                     577P    495
13.9999999403954,9.19624382359411,34.6289145532408,                  577P    496
13.9999999403954,7.45689333626597,32.05,13.9999999403954,            577P    497
4.34624382359411,32.05,13.9999999403954,1.23559431092225,32.05,      577P    498
13.9999999403954,-0.503756176405886,34.6289145532408,                577P    499
-1.95484836682571,0.,0.,0.,0.;                                       577P    500
126,8,2,0,1,0,0,-3.14159265358979,-3.14159265358979,                 579P    501
-3.14159265358979,-1.5707963267949,-1.5707963267949,0.,0.,           579P    502
1.5707963267949,1.5707963267949,3.14159265358979,                    579P    503
3.14159265358979,3.14159265358979,1.,0.707106781186549,1.,           579P    504
0.707106781186549,1.,0.707106781186549,1.,0.707106781186549,1.,      579P    505
13.9999999403954,-3.60375617640589,37.9,13.9999999403954,            579P    506
-3.60375617640589,29.95,13.9999999403954,4.34624382359411,29.95,     579P    507
13.9999999403954,12.2962438235941,29.95,13.9999999403954,            579P    508
12.2962438235941,37.9,13.9999999403954,12.2962438235941,45.85,       579P    509
13.9999999403954,4.34624382359411,45.85,13.9999999403954,            579P    510
-3.60375617640589,45.85,13.9999999403954,-3.60375617640589,37.9,     579P    511
-3.14159265358979,3.14159265358979,0.,0.,0.;                         579P    512
126,1,1,0,0,1,0,-1.25786163522013,-1.25786163522013,0.,0.,1.,1.,     581P    513
13.9999999403954,-3.60375617640589,37.9,3.99999994039536,            581P    514
-3.60375617640589,37.9,-1.25786163522013,0.,0.,0.,0.;                581P    515
126,8,2,0,1,0,0,-3.14159265358979,-3.14159265358979,                 583P    516
-3.14159265358979,-1.5707963267949,-1.5707963267949,0.,0.,           583P    517
1.5707963267949,1.5707963267949,3.14159265358979,                    583P    518
3.14159265358979,3.14159265358979,1.,0.707106781186549,1.,           583P    519
0.707106781186549,1.,0.707106781186549,1.,0.707106781186549,1.,      583P    520
3.99999994039536,-3.60375617640589,37.9,3.99999994039536,            583P    521
-3.60375617640589,29.95,3.99999994039536,4.34624382359411,29.95,     583P    522
3.99999994039536,12.2962438235941,29.95,3.99999994039536,            583P    523
12.2962438235941,37.9,3.99999994039536,12.2962438235941,45.85,       583P    524
3.99999994039536,4.34624382359411,45.85,3.99999994039536,            583P    525
-3.60375617640589,45.85,3.99999994039536,-3.60375617640589,37.9,     583P    526
-3.14159265358979,3.14159265358979,0.,0.,0.;                         583P    527
126,1,1,0,0,1,0,0.,0.,0.654217089351846,0.654217089351846,1.,1.,     585P    528
3.99999994039536,9.19624382359411,41.1710854467592,                  585P    529
3.99999994039536,9.19624382359411,34.6289145532408,0.,               585P    530
0.654217089351846,0.,0.,0.;                                          585P    531
126,1,1,0,0,1,0,0.,0.,1.,1.,1.,1.,3.99999994039536,                  587P    532
9.19624382359411,34.6289145532408,13.9999999403954,                  587P    533
9.19624382359411,34.6289145532408,0.,1.,0.,0.,0.;                    587P    534
126,1,1,0,0,1,0,0.,0.,0.654217089351846,0.654217089351846,1.,1.,     589P    535
13.9999999403954,9.19624382359411,41.1710854467592,                  589P    536
13.9999999403954,9.19624382359411,34.6289145532408,0.,               589P    537
0.654217089351846,0.,0.,0.;                                          589P    538
126,1,1,0,0,1,0,0.,0.,1.,1.,1.,1.,3.99999994039536,                  591P    539
9.19624382359411,41.1710854467592,13.9999999403954,                  591P    540
9.19624382359411,41.1710854467592,0.,1.,0.,0.,0.;                    591P    541
126,4,2,0,0,0,0,-1.95484836682572,-1.95484836682572,                 593P    542
-1.95484836682572,-0.977424183412858,-0.977424183412858,0.,0.,       593P    543
0.,1.,0.882938249661014,1.,0.882938249661027,1.,                     593P    544
3.99999994039536,-0.503756176405895,41.1710854467592,                593P    545
3.99999994039536,1.23559431092224,43.75,3.99999994039536,            593P    546
4.34624382359411,43.75,3.99999994039536,7.45689333626597,43.75,      593P    547
3.99999994039536,9.19624382359411,41.1710854467592,                  593P    548
-1.95484836682572,0.,0.,0.,0.;                                       593P    549
126,4,2,0,0,0,0,-1.95484836682572,-1.95484836682572,                 595P    550
-1.95484836682572,-0.977424183412858,-0.977424183412858,0.,0.,       595P    551
0.,1.,0.882938249661014,1.,0.882938249661027,1.,                     595P    552
13.9999999403954,-0.503756176405895,41.1710854467592,                595P    553
13.9999999403954,1.23559431092224,43.75,13.9999999403954,            595P    554
4.34624382359411,43.75,13.9999999403954,7.45689333626597,43.75,      595P    555
13.9999999403954,9.19624382359411,41.1710854467592,                  595P    556
-1.95484836682572,0.,0.,0.,0.;                                       595P    557
126,1,1,0,0,1,0,0.,0.,1.,1.,1.,1.,3.99999994039536,                  597P    558
-0.503756176405895,41.1710854467592,13.9999999403954,                597P    559
-0.503756176405895,41.1710854467592,0.,1.,0.,0.,0.;                  597P    560
126,1,1,0,0,1,0,0.,0.,0.654217089351844,0.654217089351844,1.,1.,     599P    561
3.99999994039536,-0.503756176405886,34.6289145532408,                599P    562
3.99999994039536,-0.503756176405886,41.1710854467592,0.,             599P    563
0.654217089351844,0.,0.,0.;                                          599P    564
126,1,1,0,0,1,0,0.,0.,0.654217089351844,0.654217089351844,1.,1.,     601P    565
13.9999999403954,-0.503756176405886,34.6289145532408,                601P    566
13.9999999403954,-0.503756176405886,41.1710854467592,0.,             601P    567
0.654217089351844,0.,0.,0.;                                          601P    568
126,1,1,0,0,1,0,0.,0.,1.,1.,1.,1.,3.99999994039536,                  603P    569
-0.503756176405886,34.6289145532408,13.9999999403954,                603P    570
-0.503756176405886,34.6289145532408,0.,1.,0.,0.,0.;                  603P    571
126,4,2,0,0,0,0,-1.95484836682571,-1.95484836682571,                 605P    572
-1.95484836682571,-0.977424183412857,-0.977424183412857,0.,0.,       605P    573
0.,1.,0.882938249661017,1.,0.882938249661018,1.,                     605P    574
3.99999994039536,9.19624382359411,34.6289145532408,                  605P    575
3.99999994039536,7.45689333626597,32.05,3.99999994039536,            605P    576
4.34624382359411,32.05,3.99999994039536,1.23559431092225,32.05,      605P    577
3.99999994039536,-0.503756176405886,34.6289145532408,                605P    578
-1.95484836682571,0.,0.,0.,0.;                                       605P    579
126,4,2,0,0,0,0,-1.95484836682571,-1.95484836682571,                 607P    580
-1.95484836682571,-0.977424183412857,-0.977424183412857,0.,0.,       607P    581
0.,1.,0.882938249661017,1.,0.882938249661018,1.,                     607P    582
13.9999999403954,9.19624382359411,34.6289145532408,                  607P    583
13.9999999403954,7.45689333626597,32.05,13.9999999403954,            607P    584
4.34624382359411,32.05,13.9999999403954,1.23559431092225,32.05,      607P    585
13.9999999403954,-0.503756176405886,34.6289145532408,                607P    586
-1.95484836682571,0.,0.,0.,0.;                                       607P    587
126,8,2,0,1,0,0,-3.14159265358979,-3.14159265358979,                 609P    588
-3.14159265358979,-1.5707963267949,-1.5707963267949,0.,0.,           609P    589
1.5707963267949,1.5707963267949,3.14159265358979,                    609P    590
3.14159265358979,3.14159265358979,1.,0.707106781186549,1.,           609P    591
0.707106781186549,1.,0.707106781186549,1.,0.707106781186549,1.,      609P    592
13.9999999403954,-3.60375617640589,37.9,13.9999999403954,            609P    593
-3.60375617640589,29.95,13.9999999403954,4.34624382359411,29.95,     609P    594
13.9999999403954,12.2962438235941,29.95,13.9999999403954,            609P    595
12.2962438235941,37.9,13.9999999403954,12.2962438235941,45.85,       609P    596
13.9999999403954,4.34624382359411,45.85,13.9999999403954,            609P    597
-3.60375617640589,45.85,13.9999999403954,-3.60375617640589,37.9,     609P    598
-3.14159265358979,3.14159265358979,0.,0.,0.;                         609P    599
126,1,1,0,0,1,0,-1.25786163522013,-1.25786163522013,0.,0.,1.,1.,     611P    600
13.9999999403954,-3.60375617640589,37.9,3.99999994039536,            611P    601
-3.60375617640589,37.9,-1.25786163522013,0.,0.,0.,0.;                611P    602
126,8,2,0,1,0,0,-3.14159265358979,-3.14159265358979,                 613P    603
-3.14159265358979,-1.5707963267949,-1.5707963267949,0.,0.,           613P    604
1.5707963267949,1.5707963267949,3.14159265358979,                    613P    605
3.14159265358979,3.14159265358979,1.,0.707106781186549,1.,           613P    606
0.707106781186549,1.,0.707106781186549,1.,0.707106781186549,1.,      613P    607
3.99999994039536,-3.60375617640589,37.9,3.99999994039536,            613P    608
-3.60375617640589,29.95,3.99999994039536,4.34624382359411,29.95,     613P    609
3.99999994039536,12.2962438235941,29.95,3.99999994039536,            613P    610
12.2962438235941,37.9,3.99999994039536,12.2962438235941,45.85,       613P    611
3.99999994039536,4.34624382359411,45.85,3.99999994039536,            613P    612
-3.60375617640589,45.85,3.99999994039536,-3.60375617640589,37.9,     613P    613
-3.14159265358979,3.14159265358979,0.,0.,0.;                         613P    614
126,2,2,0,0,0,0,-0.785398163397448,-0.785398163397448,               615P    615
-0.785398163397448,0.785398163397448,0.785398163397448,              615P    616
0.785398163397448,1.,0.707106781186547,1.,-8.00000005960464,         615P    617
9.34624382359411,53.,-8.00000005960464,24.3462438235941,53.,         615P    618
-8.00000005960464,24.3462438235941,38.,-0.785398163397448,           615P    619
0.785398163397448,0.,0.,0.;                                          615P    620
126,1,1,0,0,1,0,-0.5,-0.5,0.,0.,1.,1.,-8.00000005960464,             617P    621
24.3462438235941,38.,-13.0000000596046,24.3462438235941,38.,         617P    622
-0.5,0.,0.,0.,0.;                                                    617P    623
126,2,2,0,0,0,0,-0.785398163397448,-0.785398163397448,               619P    624
-0.785398163397448,0.785398163397448,0.785398163397448,              619P    625
0.785398163397448,1.,0.707106781186547,1.,-13.0000000596046,         619P    626
24.3462438235941,38.,-13.0000000596046,24.3462438235941,53.,         619P    627
-13.0000000596046,9.34624382359411,53.,-0.785398163397448,           619P    628
0.785398163397448,0.,0.,0.;                                          619P    629
126,1,1,0,0,1,0,0.,0.,0.5,0.5,1.,1.,-13.0000000596046,               621P    630
9.34624382359411,53.,-8.00000005960464,9.34624382359411,53.,0.,      621P    631
0.5,0.,0.,0.;                                                        621P    632
126,1,1,0,0,1,0,1.5,1.5,2.5,2.5,1.,1.,-13.0000000596046,             623P    633
9.34624382359411,53.,-13.0000000596046,-0.653756176405889,53.,       623P    634
1.5,2.5,0.,0.,0.;                                                    623P    635
126,1,1,0,0,1,0,-0.5,-0.5,0.,0.,1.,1.,-8.00000005960464,             625P    636
-0.653756176405886,53.,-13.0000000596046,-0.653756176405886,53.,     625P    637
-0.5,0.,0.,0.,0.;                                                    625P    638
126,1,1,0,0,1,0,1.5,1.5,2.5,2.5,1.,1.,-8.00000005960464,             627P    639
9.34624382359411,53.,-8.00000005960464,-0.653756176405889,53.,       627P    640
1.5,2.5,0.,0.,0.;                                                    627P    641
126,1,1,0,0,1,0,0.,0.,3.8,3.8,1.,1.,-13.0000000596046,               629P    642
24.3462438235941,0.,-13.0000000596046,24.3462438235941,38.,0.,       629P    643
3.8,0.,0.,0.;                                                        629P    644
126,1,1,0,0,1,0,3.32,3.32,4.,4.,1.,1.,-13.0000000596046,             631P    645
17.5462438235941,0.,-13.0000000596046,24.3462438235941,0.,3.32,      631P    646
4.,0.,0.,0.;                                                         631P    647
126,1,1,0,0,1,0,0.,0.,0.52,0.52,1.,1.,-13.0000000596046,             633P    648
17.5462438235941,5.2,-13.0000000596046,17.5462438235941,0.,0.,       633P    649
0.52,0.,0.,0.;                                                       633P    650
126,1,1,0,0,1,0,0.,0.,0.940000013411045,0.940000013411045,1.,1.,     635P    651
-13.0000000596046,8.14624368948366,5.2,-13.0000000596046,            635P    652
17.5462438235941,5.2,0.,0.940000013411045,0.,0.,0.;                  635P    653
126,1,1,0,0,1,0,0.02,0.02,0.54,0.54,1.,1.,-13.0000000596046,         637P    654
8.14624368948366,0.,-13.0000000596046,8.14624368948366,5.2,0.02,     637P    655
0.54,0.,0.,0.;                                                       637P    656
126,1,1,0,0,1,0,1.62000001341105,1.62000001341105,                   639P    657
2.37999998658895,2.37999998658895,1.,1.,-13.0000000596046,           639P    658
0.546243957704566,0.,-13.0000000596046,8.14624368948366,0.,          639P    659
1.62000001341105,2.37999998658895,0.,0.,0.;                          639P    660
126,1,1,0,0,1,0,4.81482486096809D-33,4.81482486096809D-33,0.52,      641P    661
0.52,1.,1.,-13.0000000596046,0.546243957704564,5.2,                  641P    662
-13.0000000596046,0.546243957704565,0.,4.81482486096809D-33,         641P    663
0.52,0.,0.,0.;                                                       641P    664
126,1,1,0,0,1,0,0.,0.,0.940000013411045,0.940000013411045,1.,1.,     643P    665
-13.0000000596046,-8.85375617640588,5.2,-13.0000000596046,           643P    666
0.546243957704564,5.2,0.,0.940000013411045,0.,0.,0.;                 643P    667
126,1,1,0,0,1,0,0.02,0.02,0.54,0.54,1.,1.,-13.0000000596046,         645P    668
-8.85375617640588,0.,-13.0000000596046,-8.85375617640588,5.2,        645P    669
0.02,0.54,0.,0.,0.;                                                  645P    670
126,1,1,0,0,1,0,0.,0.,0.68,0.68,1.,1.,-13.0000000596046,             647P    671
-15.6537561764059,0.,-13.0000000596046,-8.85375617640588,0.,0.,      647P    672
0.68,0.,0.,0.;                                                       647P    673
126,1,1,0,0,1,0,1.5,1.5,5.3,5.3,1.,1.,-13.0000000596046,             649P    674
-15.6537561764059,38.,-13.0000000596046,-15.6537561764059,0.,        649P    675
1.5,5.3,0.,0.,0.;                                                    649P    676
126,2,2,0,0,0,0,-0.785398163397448,-0.785398163397448,               651P    677
-0.785398163397448,0.785398163397448,0.785398163397448,              651P    678
0.785398163397448,1.,0.707106781186547,1.,-13.0000000596046,         651P    679
-0.653756176405889,53.,-13.0000000596046,-15.6537561764059,53.,      651P    680
-13.0000000596046,-15.6537561764059,38.,-0.785398163397448,          651P    681
0.785398163397448,0.,0.,0.;                                          651P    682
126,1,1,0,0,1,0,-0.13,-0.13,0.39,0.39,1.,1.,-13.0000000596046,       653P    683
1.74624382359411,13.4871136996046,-13.0000000596046,                 653P    684
6.94624382359411,13.4871136996046,-0.13,0.39,0.,0.,0.;               653P    685
126,1,1,0,0,1,0,-0.650644315019772,-0.650644315019772,               655P    686
0.349355684980228,0.349355684980228,1.,1.,-13.0000000596046,         655P    687
6.94624382359411,13.4871136996046,-13.0000000596046,                 655P    688
6.94624382359411,23.4871136996046,-0.650644315019772,                655P    689
0.349355684980228,0.,0.,0.;                                          655P    690
126,1,1,0,0,1,0,-0.13,-0.13,0.39,0.39,1.,1.,-13.0000000596046,       657P    691
6.94624382359411,23.4871136996046,-13.0000000596046,                 657P    692
1.74624382359411,23.4871136996046,-0.13,0.39,0.,0.,0.;               657P    693
126,1,1,0,0,1,0,0.150644315019771,0.150644315019771,                 659P    694
1.15064431501977,1.15064431501977,1.,1.,-13.0000000596046,           659P    695
1.74624382359411,23.4871136996046,-13.0000000596046,                 659P    696
1.74624382359411,13.4871136996046,0.150644315019771,                 659P    697
1.15064431501977,0.,0.,0.;                                           659P    698
126,8,2,0,1,0,0,-3.14159265358979,-3.14159265358979,                 661P    699
-3.14159265358979,-1.5707963267949,-1.5707963267949,0.,0.,           661P    700
1.5707963267949,1.5707963267949,3.14159265358979,                    661P    701
3.14159265358979,3.14159265358979,1.,0.707106781186549,1.,           661P    702
0.707106781186548,1.,0.707106781186547,1.,0.707106781186547,1.,      661P    703
-13.0000000596046,14.4462438235941,37.9,-13.0000000596046,           661P    704
14.4462438235941,48.,-13.0000000596046,4.34624382359411,48.,         661P    705
-13.0000000596046,-5.75375617640589,48.,-13.0000000596046,           661P    706
-5.75375617640589,37.9,-13.0000000596046,-5.75375617640589,27.8,     661P    707
-13.0000000596046,4.34624382359411,27.8,-13.0000000596046,           661P    708
14.4462438235941,27.8,-13.0000000596046,14.4462438235941,37.9,       661P    709
-3.14159265358979,3.14159265358979,0.,0.,0.;                         661P    710
126,2,2,0,0,0,0,-0.785398163397448,-0.785398163397448,               663P    711
-0.785398163397448,0.785398163397448,0.785398163397448,              663P    712
0.785398163397448,1.,0.707106781186547,1.,-8.00000005960464,         663P    713
-15.6537561764059,38.,-8.00000005960464,-15.6537561764059,53.,       663P    714
-8.00000005960464,-0.653756176405889,53.,-0.785398163397448,         663P    715
0.785398163397448,0.,0.,0.;                                          663P    716
126,1,1,0,0,1,0,0.,0.,0.5,0.5,1.,1.,-13.0000000596046,               665P    717
-15.6537561764059,38.,-8.00000005960464,-15.6537561764059,38.,       665P    718
0.,0.5,0.,0.,0.;                                                     665P    719
126,1,1,0,0,1,0,0.,0.,0.5,0.5,1.,1.,-13.0000000596046,               667P    720
1.74624382359411,13.4871136996046,-8.00000005960464,                 667P    721
1.74624382359411,13.4871136996046,0.,0.5,0.,0.,0.;                   667P    722
126,1,1,0,0,1,0,-0.39,-0.39,0.13,0.13,1.,1.,-8.00000005960464,       669P    723
6.94624382359411,13.4871136996046,-8.00000005960464,                 669P    724
1.74624382359411,13.4871136996046,-0.39,0.13,0.,0.,0.;               669P    725
126,1,1,0,0,1,0,0.,0.,0.5,0.5,1.,1.,-13.0000000596046,               671P    726
6.94624382359411,13.4871136996046,-8.00000005960464,                 671P    727
6.94624382359411,13.4871136996046,0.,0.5,0.,0.,0.;                   671P    728
126,1,1,0,0,1,0,0.,0.,0.5,0.5,1.,1.,-13.0000000596046,               673P    729
1.74624382359411,23.4871136996046,-8.00000005960464,                 673P    730
1.74624382359411,23.4871136996046,0.,0.5,0.,0.,0.;                   673P    731
126,1,1,0,0,1,0,-1.15064431501977,-1.15064431501977,                 675P    732
-0.150644315019771,-0.150644315019771,1.,1.,-8.00000005960464,       675P    733
1.74624382359411,13.4871136996046,-8.00000005960464,                 675P    734
1.74624382359411,23.4871136996046,-1.15064431501977,                 675P    735
-0.150644315019771,0.,0.,0.;                                         675P    736
126,1,1,0,0,1,0,0.,0.,0.5,0.5,1.,1.,-13.0000000596046,               677P    737
6.94624382359411,23.4871136996046,-8.00000005960464,                 677P    738
6.94624382359411,23.4871136996046,0.,0.5,0.,0.,0.;                   677P    739
126,1,1,0,0,1,0,-0.39,-0.39,0.13,0.13,1.,1.,-8.00000005960464,       679P    740
1.74624382359411,23.4871136996046,-8.00000005960464,                 679P    741
6.94624382359411,23.4871136996046,-0.39,0.13,0.,0.,0.;               679P    742
126,1,1,0,0,1,0,-0.349355684980228,-0.349355684980228,               681P    743
0.650644315019772,0.650644315019772,1.,1.,-8.00000005960464,         681P    744
6.94624382359411,23.4871136996046,-8.00000005960464,                 681P    745
6.94624382359411,13.4871136996046,-0.349355684980228,                681P    746
0.650644315019772,0.,0.,0.;                                          681P    747
126,1,1,0,0,1,0,0.,0.,0.495049504950495,0.495049504950495,1.,1.,     683P    748
-13.0000000596046,14.4462438235941,37.9,-8.00000005960464,           683P    749
14.4462438235941,37.9,0.,0.495049504950495,0.,0.,0.;                 683P    750
126,8,2,0,1,0,0,-3.14159265358979,-3.14159265358979,                 685P    751
-3.14159265358979,-1.5707963267949,-1.5707963267949,0.,0.,           685P    752
1.5707963267949,1.5707963267949,3.14159265358979,                    685P    753
3.14159265358979,3.14159265358979,1.,0.707106781186547,1.,           685P    754
0.707106781186547,1.,0.707106781186548,1.,0.707106781186549,1.,      685P    755
-8.00000005960464,14.4462438235941,37.9,-8.00000005960464,           685P    756
14.4462438235941,27.8,-8.00000005960464,4.34624382359411,27.8,       685P    757
-8.00000005960464,-5.75375617640589,27.8,-8.00000005960464,          685P    758
-5.75375617640589,37.9,-8.00000005960464,-5.75375617640589,48.,      685P    759
-8.00000005960464,4.34624382359411,48.,-8.00000005960464,            685P    760
14.4462438235941,48.,-8.00000005960464,14.4462438235941,37.9,        685P    761
-3.14159265358979,3.14159265358979,0.,0.,0.;                         685P    762
126,1,1,0,0,1,0,0.,0.,0.5,0.5,1.,1.,-13.0000000596046,               687P    763
-8.85375617640588,0.,-8.00000005960464,-8.85375617640588,0.,0.,      687P    764
0.5,0.,0.,0.;                                                        687P    765
126,1,1,0,0,1,0,0.,0.,0.68,0.68,1.,1.,-8.00000005960464,             689P    766
-15.6537561764059,0.,-8.00000005960464,-8.85375617640588,0.,0.,      689P    767
0.68,0.,0.,0.;                                                       689P    768
126,1,1,0,0,1,0,0.,0.,0.5,0.5,1.,1.,-13.0000000596046,               691P    769
-15.6537561764059,0.,-8.00000005960464,-15.6537561764059,0.,0.,      691P    770
0.5,0.,0.,0.;                                                        691P    771
126,1,1,0,0,1,0,1.5,1.5,5.3,5.3,1.,1.,-8.00000005960464,             693P    772
-15.6537561764059,38.,-8.00000005960464,-15.6537561764059,0.,        693P    773
1.5,5.3,0.,0.,0.;                                                    693P    774
126,1,1,0,0,1,0,0.,0.,3.8,3.8,1.,1.,-8.00000005960464,               695P    775
24.3462438235941,0.,-8.00000005960464,24.3462438235941,38.,0.,       695P    776
3.8,0.,0.,0.;                                                        695P    777
126,1,1,0,0,1,0,0.,0.,0.5,0.5,1.,1.,-13.0000000596046,               697P    778
24.3462438235941,0.,-8.00000005960464,24.3462438235941,0.,0.,        697P    779
0.5,0.,0.,0.;                                                        697P    780
126,1,1,0,0,1,0,3.32,3.32,4.,4.,1.,1.,-8.00000005960464,             699P    781
17.5462438235941,0.,-8.00000005960464,24.3462438235941,0.,3.32,      699P    782
4.,0.,0.,0.;                                                         699P    783
126,1,1,0,0,1,0,0.,0.,0.5,0.5,1.,1.,-13.0000000596046,               701P    784
17.5462438235941,0.,-8.00000005960464,17.5462438235941,0.,0.,        701P    785
0.5,0.,0.,0.;                                                        701P    786
126,1,1,0,0,1,0,0.,0.,0.52,0.52,1.,1.,-8.00000005960464,             703P    787
17.5462438235941,5.2,-8.00000005960464,17.5462438235941,0.,0.,       703P    788
0.52,0.,0.,0.;                                                       703P    789
126,1,1,0,0,1,0,0.,0.,0.5,0.5,1.,1.,-13.0000000596046,               705P    790
17.5462438235941,5.2,-8.00000005960464,17.5462438235941,5.2,0.,      705P    791
0.5,0.,0.,0.;                                                        705P    792
126,1,1,0,0,1,0,0.,0.,0.940000013411045,0.940000013411045,1.,1.,     707P    793
-8.00000005960464,8.14624368948366,5.2,-8.00000005960464,            707P    794
17.5462438235941,5.2,0.,0.940000013411045,0.,0.,0.;                  707P    795
126,1,1,0,0,1,0,0.,0.,0.5,0.5,1.,1.,-13.0000000596046,               709P    796
8.14624368948366,5.2,-8.00000005960464,8.14624368948366,5.2,0.,      709P    797
0.5,0.,0.,0.;                                                        709P    798
126,1,1,0,0,1,0,0.02,0.02,0.54,0.54,1.,1.,-8.00000005960464,         711P    799
8.14624368948366,0.,-8.00000005960464,8.14624368948366,5.2,0.02,     711P    800
0.54,0.,0.,0.;                                                       711P    801
126,1,1,0,0,1,0,0.,0.,0.5,0.5,1.,1.,-13.0000000596046,               713P    802
8.14624368948366,0.,-8.00000005960464,8.14624368948366,0.,0.,        713P    803
0.5,0.,0.,0.;                                                        713P    804
126,1,1,0,0,1,0,1.62000001341105,1.62000001341105,                   715P    805
2.37999998658895,2.37999998658895,1.,1.,-8.00000005960464,           715P    806
0.546243957704566,0.,-8.00000005960464,8.14624368948366,0.,          715P    807
1.62000001341105,2.37999998658895,0.,0.,0.;                          715P    808
126,1,1,0,0,1,0,0.,0.,0.5,0.5,1.,1.,-13.0000000596046,               717P    809
0.546243957704565,0.,-8.00000005960464,0.546243957704565,0.,0.,      717P    810
0.5,0.,0.,0.;                                                        717P    811
126,1,1,0,0,1,0,4.81482486096809D-33,4.81482486096809D-33,0.52,      719P    812
0.52,1.,1.,-8.00000005960464,0.546243957704564,5.2,                  719P    813
-8.00000005960464,0.546243957704565,0.,4.81482486096809D-33,         719P    814
0.52,0.,0.,0.;                                                       719P    815
126,1,1,0,0,1,0,0.,0.,0.5,0.5,1.,1.,-13.0000000596046,               721P    816
0.546243957704564,5.2,-8.00000005960464,0.546243957704564,5.2,       721P    817
0.,0.5,0.,0.,0.;                                                     721P    818
126,1,1,0,0,1,0,0.,0.,0.940000013411045,0.940000013411045,1.,1.,     723P    819
-8.00000005960464,-8.85375617640588,5.2,-8.00000005960464,           723P    820
0.546243957704564,5.2,0.,0.940000013411045,0.,0.,0.;                 723P    821
126,1,1,0,0,1,0,0.,0.,0.5,0.5,1.,1.,-13.0000000596046,               725P    822
-8.85375617640588,5.2,-8.00000005960464,-8.85375617640588,5.2,       725P    823
0.,0.5,0.,0.,0.;                                                     725P    824
126,1,1,0,0,1,0,0.02,0.02,0.54,0.54,1.,1.,-8.00000005960464,         727P    825
-8.85375617640588,0.,-8.00000005960464,-8.85375617640588,5.2,        727P    826
0.02,0.54,0.,0.,0.;                                                  727P    827
126,1,1,0,0,1,0,-0.0999999985098843,-0.0999999985098843,             729P    828
0.900000001490116,0.900000001490116,1.,1.,6.49999997019767,          729P    829
1.74624382359411,0.,16.4999999701977,1.74624382359411,0.,            729P    830
-0.0999999985098843,0.900000001490116,0.,0.,0.;                      729P    831
126,1,1,0,0,1,0,0.,0.,0.5,0.5,1.,1.,6.49999997019767,                731P    832
1.74624382359411,0.,6.49999997019767,1.74624382359411,5.,0.,0.5,     731P    833
0.,0.,0.;                                                            731P    834
126,1,1,0,0,1,0,-0.900000001490116,-0.900000001490116,               733P    835
0.0999999985098843,0.0999999985098843,1.,1.,16.4999999701977,        733P    836
1.74624382359411,5.,6.49999997019767,1.74624382359411,5.,            733P    837
-0.900000001490116,0.0999999985098843,0.,0.,0.;                      733P    838
126,1,1,0,0,1,0,0.,0.,0.5,0.5,1.,1.,16.4999999701977,                735P    839
1.74624382359411,0.,16.4999999701977,1.74624382359411,5.,0.,0.5,     735P    840
0.,0.,0.;                                                            735P    841
126,1,1,0,0,1,0,-0.13,-0.13,0.39,0.39,1.,1.,6.49999997019767,        737P    842
6.94624382359411,0.,6.49999997019767,1.74624382359411,0.,-0.13,      737P    843
0.39,0.,0.,0.;                                                       737P    844
126,1,1,0,0,1,0,0.,0.,0.5,0.5,1.,1.,6.49999997019767,                739P    845
6.94624382359411,0.,6.49999997019767,6.94624382359411,5.,0.,0.5,     739P    846
0.,0.,0.;                                                            739P    847
126,1,1,0,0,1,0,-0.39,-0.39,0.13,0.13,1.,1.,6.49999997019767,        741P    848
1.74624382359411,5.,6.49999997019767,6.94624382359411,5.,-0.39,      741P    849
0.13,0.,0.,0.;                                                       741P    850
126,1,1,0,0,1,0,-0.400000001490116,-0.400000001490116,               743P    851
0.599999998509884,0.599999998509884,1.,1.,16.4999999701977,          743P    852
6.94624382359411,0.,6.49999997019767,6.94624382359411,0.,            743P    853
-0.400000001490116,0.599999998509884,0.,0.,0.;                       743P    854
126,1,1,0,0,1,0,0.,0.,0.5,0.5,1.,1.,16.4999999701977,                745P    855
6.94624382359411,0.,16.4999999701977,6.94624382359411,5.,0.,0.5,     745P    856
0.,0.,0.;                                                            745P    857
126,1,1,0,0,1,0,-0.599999998509884,-0.599999998509884,               747P    858
0.400000001490116,0.400000001490116,1.,1.,6.49999997019767,          747P    859
6.94624382359411,5.,16.4999999701977,6.94624382359411,5.,            747P    860
-0.599999998509884,0.400000001490116,0.,0.,0.;                       747P    861
126,1,1,0,0,1,0,-0.13,-0.13,0.39,0.39,1.,1.,16.4999999701977,        749P    862
1.74624382359411,0.,16.4999999701977,6.94624382359411,0.,-0.13,      749P    863
0.39,0.,0.,0.;                                                       749P    864
126,1,1,0,0,1,0,-0.39,-0.39,0.13,0.13,1.,1.,16.4999999701977,        751P    865
6.94624382359411,5.,16.4999999701977,1.74624382359411,5.,-0.39,      751P    866
0.13,0.,0.,0.;                                                       751P    867
126,8,2,0,1,0,0,-3.14159265358979,-3.14159265358979,                 753P    868
-3.14159265358979,-1.5707963267949,-1.5707963267949,0.,0.,           753P    869
1.5707963267949,1.5707963267949,3.14159265358979,                    753P    870
3.14159265358979,3.14159265358979,1.,0.707106781186547,1.,           753P    871
0.707106781186548,1.,0.707106781186548,1.,0.707106781186547,1.,      753P    872
-4.25000000000001,17.3462438235941,5.,-4.25000000000001,             753P    873
19.5962438235941,5.,-2.00000000000001,19.5962438235941,5.,           753P    874
0.249999999999989,19.5962438235941,5.,0.249999999999989,             753P    875
17.3462438235941,5.,0.249999999999989,15.0962438235941,5.,           753P    876
-2.00000000000001,15.0962438235941,5.,-4.25000000000001,             753P    877
15.0962438235941,5.,-4.25000000000001,17.3462438235941,5.,           753P    878
-3.14159265358979,3.14159265358979,0.,0.,0.;                         753P    879
126,1,1,0,0,1,0,-2.22222222222222,-2.22222222222222,0.,0.,1.,1.,     755P    880
-4.25000000000001,17.3462438235941,5.,-4.25000000000001,             755P    881
17.3462438235941,0.,-2.22222222222222,0.,0.,0.,0.;                   755P    882
126,8,2,0,1,0,0,-3.14159265358979,-3.14159265358979,                 757P    883
-3.14159265358979,-1.5707963267949,-1.5707963267949,0.,0.,           757P    884
1.5707963267949,1.5707963267949,3.14159265358979,                    757P    885
3.14159265358979,3.14159265358979,1.,0.707106781186547,1.,           757P    886
0.707106781186548,1.,0.707106781186548,1.,0.707106781186547,1.,      757P    887
-4.25000000000001,17.3462438235941,0.,-4.25000000000001,             757P    888
19.5962438235941,0.,-2.00000000000001,19.5962438235941,0.,           757P    889
0.249999999999989,19.5962438235941,0.,0.249999999999989,             757P    890
17.3462438235941,0.,0.249999999999989,15.0962438235941,0.,           757P    891
-2.00000000000001,15.0962438235941,0.,-4.25000000000001,             757P    892
15.0962438235941,0.,-4.25000000000001,17.3462438235941,0.,           757P    893
-3.14159265358979,3.14159265358979,0.,0.,0.;                         757P    894
126,8,2,0,1,0,0,-3.14159265358979,-3.14159265358979,                 759P    895
-3.14159265358979,-1.5707963267949,-1.5707963267949,0.,0.,           759P    896
1.5707963267949,1.5707963267949,3.14159265358979,                    759P    897
3.14159265358979,3.14159265358979,1.,0.707106781186549,1.,           759P    898
0.707106781186549,1.,0.707106781186549,1.,0.707106781186549,1.,      759P    899
22.7499999403954,17.3462438235941,5.,22.7499999403954,               759P    900
19.5962438235941,5.,24.9999999403954,19.5962438235941,5.,            759P    901
27.2499999403954,19.5962438235941,5.,27.2499999403954,               759P    902
17.3462438235941,5.,27.2499999403954,15.0962438235941,5.,            759P    903
24.9999999403954,15.0962438235941,5.,22.7499999403954,               759P    904
15.0962438235941,5.,22.7499999403954,17.3462438235941,5.,            759P    905
-3.14159265358979,3.14159265358979,0.,0.,0.;                         759P    906
126,1,1,0,0,1,0,-2.22222222222222,-2.22222222222222,0.,0.,1.,1.,     761P    907
22.7499999403954,17.3462438235941,5.,22.7499999403954,               761P    908
17.3462438235941,0.,-2.22222222222222,0.,0.,0.,0.;                   761P    909
126,8,2,0,1,0,0,-3.14159265358979,-3.14159265358979,                 763P    910
-3.14159265358979,-1.5707963267949,-1.5707963267949,0.,0.,           763P    911
1.5707963267949,1.5707963267949,3.14159265358979,                    763P    912
3.14159265358979,3.14159265358979,1.,0.707106781186549,1.,           763P    913
0.707106781186549,1.,0.707106781186549,1.,0.707106781186549,1.,      763P    914
22.7499999403954,17.3462438235941,0.,22.7499999403954,               763P    915
19.5962438235941,0.,24.9999999403954,19.5962438235941,0.,            763P    916
27.2499999403954,19.5962438235941,0.,27.2499999403954,               763P    917
17.3462438235941,0.,27.2499999403954,15.0962438235941,0.,            763P    918
24.9999999403954,15.0962438235941,0.,22.7499999403954,               763P    919
15.0962438235941,0.,22.7499999403954,17.3462438235941,0.,            763P    920
-3.14159265358979,3.14159265358979,0.,0.,0.;                         763P    921
126,8,2,0,1,0,0,-3.14159265358979,-3.14159265358979,                 765P    922
-3.14159265358979,-1.5707963267949,-1.5707963267949,0.,0.,           765P    923
1.5707963267949,1.5707963267949,3.14159265358979,                    765P    924
3.14159265358979,3.14159265358979,1.,0.707106781186547,1.,           765P    925
0.707106781186548,1.,0.707106781186548,1.,0.707106781186547,1.,      765P    926
-4.25000000000001,-8.6537561764059,5.,-4.25000000000001,             765P    927
-6.4037561764059,5.,-2.00000000000001,-6.4037561764059,5.,           765P    928
0.249999999999993,-6.4037561764059,5.,0.249999999999993,             765P    929
-8.6537561764059,5.,0.249999999999993,-10.9037561764059,5.,          765P    930
-2.00000000000001,-10.9037561764059,5.,-4.25000000000001,            765P    931
-10.9037561764059,5.,-4.25000000000001,-8.6537561764059,5.,          765P    932
-3.14159265358979,3.14159265358979,0.,0.,0.;                         765P    933
126,1,1,0,0,1,0,-2.22222222222222,-2.22222222222222,0.,0.,1.,1.,     767P    934
-4.25000000000001,-8.6537561764059,5.,-4.25000000000001,             767P    935
-8.6537561764059,0.,-2.22222222222222,0.,0.,0.,0.;                   767P    936
126,8,2,0,1,0,0,-3.14159265358979,-3.14159265358979,                 769P    937
-3.14159265358979,-1.5707963267949,-1.5707963267949,0.,0.,           769P    938
1.5707963267949,1.5707963267949,3.14159265358979,                    769P    939
3.14159265358979,3.14159265358979,1.,0.707106781186547,1.,           769P    940
0.707106781186548,1.,0.707106781186548,1.,0.707106781186547,1.,      769P    941
-4.25000000000001,-8.6537561764059,0.,-4.25000000000001,             769P    942
-6.4037561764059,0.,-2.00000000000001,-6.4037561764059,0.,           769P    943
0.249999999999993,-6.4037561764059,0.,0.249999999999993,             769P    944
-8.6537561764059,0.,0.249999999999993,-10.9037561764059,0.,          769P    945
-2.00000000000001,-10.9037561764059,0.,-4.25000000000001,            769P    946
-10.9037561764059,0.,-4.25000000000001,-8.6537561764059,0.,          769P    947
-3.14159265358979,3.14159265358979,0.,0.,0.;                         769P    948
126,8,2,0,1,0,0,-3.14159265358979,-3.14159265358979,                 771P    949
-3.14159265358979,-1.5707963267949,-1.5707963267949,0.,0.,           771P    950
1.5707963267949,1.5707963267949,3.14159265358979,                    771P    951
3.14159265358979,3.14159265358979,1.,0.707106781186548,1.,           771P    952
0.707106781186548,1.,0.707106781186549,1.,0.707106781186549,1.,      771P    953
22.7499999403954,-8.65375617640589,5.,22.7499999403954,              771P    954
-6.40375617640589,5.,24.9999999403954,-6.40375617640589,5.,          771P    955
27.2499999403954,-6.40375617640589,5.,27.2499999403954,              771P    956
-8.65375617640589,5.,27.2499999403954,-10.9037561764059,5.,          771P    957
24.9999999403954,-10.9037561764059,5.,22.7499999403954,              771P    958
-10.9037561764059,5.,22.7499999403954,-8.65375617640589,5.,          771P    959
-3.14159265358979,3.14159265358979,0.,0.,0.;                         771P    960
126,1,1,0,0,1,0,-2.22222222222222,-2.22222222222222,0.,0.,1.,1.,     773P    961
22.7499999403954,-8.65375617640589,5.,22.7499999403954,              773P    962
-8.65375617640589,0.,-2.22222222222222,0.,0.,0.,0.;                  773P    963
126,8,2,0,1,0,0,-3.14159265358979,-3.14159265358979,                 775P    964
-3.14159265358979,-1.5707963267949,-1.5707963267949,0.,0.,           775P    965
1.5707963267949,1.5707963267949,3.14159265358979,                    775P    966
3.14159265358979,3.14159265358979,1.,0.707106781186548,1.,           775P    967
0.707106781186548,1.,0.707106781186549,1.,0.707106781186549,1.,      775P    968
22.7499999403954,-8.65375617640589,0.,22.7499999403954,              775P    969
-6.40375617640589,0.,24.9999999403954,-6.40375617640589,0.,          775P    970
27.2499999403954,-6.40375617640589,0.,27.2499999403954,              775P    971
-8.65375617640589,0.,27.2499999403954,-10.9037561764059,0.,          775P    972
24.9999999403954,-10.9037561764059,0.,22.7499999403954,              775P    973
-10.9037561764059,0.,22.7499999403954,-8.65375617640589,0.,          775P    974
-3.14159265358979,3.14159265358979,0.,0.,0.;                         775P    975
126,1,1,0,0,1,0,3.3,3.3,4.,4.,1.,1.,-7.80000005960464,               777P    976
17.3462438235941,0.,-7.80000005960464,24.3462438235941,0.,3.3,       777P    977
4.,0.,0.,0.;                                                         777P    978
126,1,1,0,0,1,0,0.,0.,0.5,0.5,1.,1.,-7.80000005960464,               779P    979
17.3462438235941,0.,-7.80000005960464,17.3462438235941,5.,0.,        779P    980
0.5,0.,0.,0.;                                                        779P    981
126,1,1,0,0,1,0,-4.,-4.,-3.3,-3.3,1.,1.,-7.80000005960464,           781P    982
24.3462438235941,5.,-7.80000005960464,17.3462438235941,5.,-4.,       781P    983
-3.3,0.,0.,0.;                                                       781P    984
126,1,1,0,0,1,0,0.,0.,0.5,0.5,1.,1.,-7.80000005960464,               783P    985
24.3462438235941,0.,-7.80000005960464,24.3462438235941,5.,0.,        783P    986
0.5,0.,0.,0.;                                                        783P    987
126,1,1,0,0,1,0,0.,0.,3.78,3.78,1.,1.,-7.80000005960464,             785P    988
24.3462438235941,0.,29.9999999403954,24.3462438235941,0.,0.,         785P    989
3.78,0.,0.,0.;                                                       785P    990
126,1,1,0,0,1,0,-3.78,-3.78,0.,0.,1.,1.,29.9999999403954,            787P    991
24.3462438235941,5.,-7.80000005960464,24.3462438235941,5.,-3.78,     787P    992
0.,0.,0.,0.;                                                         787P    993
126,1,1,0,0,1,0,0.,0.,0.5,0.5,1.,1.,29.9999999403954,                789P    994
24.3462438235941,0.,29.9999999403954,24.3462438235941,5.,0.,0.5,     789P    995
0.,0.,0.;                                                            789P    996
126,1,1,0,0,1,0,0.,0.,4.,4.,1.,1.,29.9999999403954,                  791P    997
24.3462438235941,0.,29.9999999403953,-15.6537561764059,0.,0.,4.,     791P    998
0.,0.,0.;                                                            791P    999
126,1,1,0,0,1,0,-4.,-4.,0.,0.,1.,1.,29.9999999403953,                793P   1000
-15.6537561764059,5.,29.9999999403954,24.3462438235941,5.,-4.,       793P   1001
0.,0.,0.,0.;                                                         793P   1002
126,1,1,0,0,1,0,0.,0.,0.5,0.5,1.,1.,29.9999999403953,                795P   1003
-15.6537561764059,0.,29.9999999403953,-15.6537561764059,5.,0.,       795P   1004
0.5,0.,0.,0.;                                                        795P   1005
126,1,1,0,0,1,0,0.,0.,3.78,3.78,1.,1.,29.9999999403953,              797P   1006
-15.6537561764059,0.,-7.80000005960464,-15.6537561764059,0.,0.,      797P   1007
3.78,0.,0.,0.;                                                       797P   1008
126,1,1,0,0,1,0,-3.78,-3.78,0.,0.,1.,1.,-7.80000005960464,           799P   1009
-15.6537561764059,5.,29.9999999403953,-15.6537561764059,5.,          799P   1010
-3.78,0.,0.,0.,0.;                                                   799P   1011
126,1,1,0,0,1,0,0.,0.,0.5,0.5,1.,1.,-7.80000005960464,               801P   1012
-15.6537561764059,0.,-7.80000005960464,-15.6537561764059,5.,0.,      801P   1013
0.5,0.,0.,0.;                                                        801P   1014
126,1,1,0,0,1,0,0.,0.,0.7,0.7,1.,1.,-7.80000005960464,               803P   1015
-15.6537561764059,0.,-7.80000005960464,-8.65375617640589,0.,0.,      803P   1016
0.7,0.,0.,0.;                                                        803P   1017
126,1,1,0,0,1,0,-0.7,-0.7,0.,0.,1.,1.,-7.80000005960464,             805P   1018
-8.65375617640589,5.,-7.80000005960464,-15.6537561764059,5.,         805P   1019
-0.7,0.,0.,0.,0.;                                                    805P   1020
126,1,1,0,0,1,0,0.,0.,0.5,0.5,1.,1.,-7.80000005960464,               807P   1021
-8.65375617640589,0.,-7.80000005960464,-8.65375617640589,5.,0.,      807P   1022
0.5,0.,0.,0.;                                                        807P   1023
126,1,1,0,0,1,0,0.,0.,0.52,0.52,1.,1.,-7.80000005960464,             809P   1024
-8.65375617640589,0.,-13.0000000596046,-8.65375617640588,0.,0.,      809P   1025
0.52,0.,0.,0.;                                                       809P   1026
126,1,1,0,0,1,0,-0.52,-0.52,0.,0.,1.,1.,-13.0000000596046,           811P   1027
-8.65375617640588,5.,-7.80000005960464,-8.65375617640589,5.,         811P   1028
-0.52,0.,0.,0.,0.;                                                   811P   1029
126,1,1,0,0,1,0,0.,0.,0.5,0.5,1.,1.,-13.0000000596046,               813P   1030
-8.65375617640588,0.,-13.0000000596046,-8.65375617640588,5.,0.,      813P   1031
0.5,0.,0.,0.;                                                        813P   1032
126,1,1,0,0,1,0,0.,0.,0.900000013411045,0.900000013411045,1.,1.,     815P   1033
-13.0000000596046,-8.65375617640588,0.,-13.0000000596046,            815P   1034
0.346243957704565,0.,0.,0.900000013411045,0.,0.,0.;                  815P   1035
126,1,1,0,0,1,0,-0.900000013411045,-0.900000013411045,0.,0.,1.,      817P   1036
1.,-13.0000000596046,0.346243957704565,5.,-13.0000000596046,         817P   1037
-8.65375617640588,5.,-0.900000013411045,0.,0.,0.,0.;                 817P   1038
126,1,1,0,0,1,0,0.,0.,0.5,0.5,1.,1.,-13.0000000596046,               819P   1039
0.346243957704565,0.,-13.0000000596046,0.346243957704565,5.,0.,      819P   1040
0.5,0.,0.,0.;                                                        819P   1041
126,1,1,0,0,1,0,0.,0.,0.52,0.52,1.,1.,-13.0000000596046,             821P   1042
0.346243957704565,0.,-7.80000005960464,0.346243957704564,0.,0.,      821P   1043
0.52,0.,0.,0.;                                                       821P   1044
126,1,1,0,0,1,0,-0.52,-0.52,0.,0.,1.,1.,-7.80000005960464,           823P   1045
0.346243957704564,5.,-13.0000000596046,0.346243957704565,5.,         823P   1046
-0.52,0.,0.,0.,0.;                                                   823P   1047
126,1,1,0,0,1,0,0.,0.,0.5,0.5,1.,1.,-7.80000005960464,               825P   1048
0.346243957704564,0.,-7.80000005960464,0.346243957704564,5.,0.,      825P   1049
0.5,0.,0.,0.;                                                        825P   1050
126,1,1,0,0,1,0,1.60000001341105,1.60000001341105,                   827P   1051
2.39999998658895,2.39999998658895,1.,1.,-7.80000005960464,           827P   1052
0.346243957704564,0.,-7.80000005960464,8.34624368948366,0.,          827P   1053
1.60000001341105,2.39999998658895,0.,0.,0.;                          827P   1054
126,1,1,0,0,1,0,-2.39999998658895,-2.39999998658895,                 829P   1055
-1.60000001341105,-1.60000001341105,1.,1.,-7.80000005960464,         829P   1056
8.34624368948366,5.,-7.80000005960464,0.346243957704564,5.,          829P   1057
-2.39999998658895,-1.60000001341105,0.,0.,0.;                        829P   1058
126,1,1,0,0,1,0,0.,0.,0.5,0.5,1.,1.,-7.80000005960464,               831P   1059
8.34624368948366,0.,-7.80000005960464,8.34624368948366,5.,0.,        831P   1060
0.5,0.,0.,0.;                                                        831P   1061
126,1,1,0,0,1,0,0.,0.,0.52,0.52,1.,1.,-13.0000000596046,             833P   1062
8.34624368948366,0.,-7.80000005960464,8.34624368948366,0.,0.,        833P   1063
0.52,0.,0.,0.;                                                       833P   1064
126,1,1,0,0,1,0,0.,0.,0.52,0.52,1.,1.,-13.0000000596046,             835P   1065
8.34624368948366,5.,-7.80000005960464,8.34624368948366,5.,0.,        835P   1066
0.52,0.,0.,0.;                                                       835P   1067
126,1,1,0,0,1,0,0.,0.,0.5,0.5,1.,1.,-13.0000000596046,               837P   1068
8.34624368948366,0.,-13.0000000596046,8.34624368948366,5.,0.,        837P   1069
0.5,0.,0.,0.;                                                        837P   1070
126,1,1,0,0,1,0,0.,0.,0.900000013411045,0.900000013411045,1.,1.,     839P   1071
-13.0000000596046,17.3462438235941,0.,-13.0000000596046,             839P   1072
8.34624368948366,0.,0.,0.900000013411045,0.,0.,0.;                   839P   1073
126,1,1,0,0,1,0,0.,0.,0.900000013411045,0.900000013411045,1.,1.,     841P   1074
-13.0000000596046,17.3462438235941,5.,-13.0000000596046,             841P   1075
8.34624368948366,5.,0.,0.900000013411045,0.,0.,0.;                   841P   1076
126,1,1,0,0,1,0,0.,0.,0.5,0.5,1.,1.,-13.0000000596046,               843P   1077
17.3462438235941,0.,-13.0000000596046,17.3462438235941,5.,0.,        843P   1078
0.5,0.,0.,0.;                                                        843P   1079
126,1,1,0,0,1,0,0.,0.,0.52,0.52,1.,1.,-7.80000005960464,             845P   1080
17.3462438235941,0.,-13.0000000596046,17.3462438235941,0.,0.,        845P   1081
0.52,0.,0.,0.;                                                       845P   1082
126,1,1,0,0,1,0,0.,0.,0.52,0.52,1.,1.,-7.80000005960464,             847P   1083
17.3462438235941,5.,-13.0000000596046,17.3462438235941,5.,0.,        847P   1084
0.52,0.,0.,0.;                                                       847P   1085
126,1,1,0,0,1,0,0.00431096776830042,0.00431096776830042,             849P   1086
2.32870235140244,2.32870235140244,1.,1.,3.99999994039536,            849P   1087
1.74624382359411,28.2439138363414,3.99999994039536,                  849P   1088
1.74624382359411,5.,0.00431096776830042,2.32870235140244,0.,0.,      849P   1089
0.;                                                                  849P   1090
126,1,1,0,0,1,0,-0.5,-0.5,0.,0.,1.,1.,8.99999994039536,              851P   1091
1.74624382359411,28.2439138363414,3.99999994039536,                  851P   1092
1.74624382359411,28.2439138363414,-0.5,0.,0.,0.,0.;                  851P   1093
126,1,1,0,0,1,0,-2.32870235140244,-2.32870235140244,                 853P   1094
-0.00431096776830042,-0.00431096776830042,1.,1.,                     853P   1095
8.99999994039536,1.74624382359411,5.,8.99999994039536,               853P   1096
1.74624382359411,28.2439138363414,-2.32870235140244,                 853P   1097
-0.00431096776830042,0.,0.,0.;                                       853P   1098
126,1,1,0,0,1,0,0.,0.,0.5,0.5,1.,1.,3.99999994039536,                855P   1099
1.74624382359411,5.,8.99999994039536,1.74624382359411,5.,0.,0.5,     855P   1100
0.,0.,0.;                                                            855P   1101
126,1,1,0,0,1,0,0.,0.,1.74,1.74,1.,1.,3.99999994039536,              857P   1102
-15.6537561764059,5.,3.99999994039536,1.74624382359411,5.,0.,        857P   1103
1.74,0.,0.,0.;                                                       857P   1104
126,1,1,0,0,1,0,0.,0.,1.74,1.74,1.,1.,8.99999994039536,              859P   1105
-15.6537561764059,5.,8.99999994039536,1.74624382359411,5.,0.,        859P   1106
1.74,0.,0.,0.;                                                       859P   1107
126,1,1,0,0,1,0,0.,0.,0.5,0.5,1.,1.,3.99999994039536,                861P   1108
-15.6537561764059,5.,8.99999994039536,-15.6537561764059,5.,0.,       861P   1109
0.5,0.,0.,0.;                                                        861P   1110
126,1,1,0,0,1,0,0.,0.,3.43861890880627,3.43861890880627,1.,1.,       863P   1111
3.99999994039536,-5.65375617640589,37.9,3.99999994039536,            863P   1112
-15.6537561764059,5.,0.,3.43861890880627,0.,0.,0.;                   863P   1113
126,1,1,0,0,1,0,0.,0.,3.43861890880627,3.43861890880627,1.,1.,       865P   1114
8.99999994039536,-5.65375617640589,37.9,8.99999994039536,            865P   1115
-15.6537561764059,5.,0.,3.43861890880627,0.,0.,0.;                   865P   1116
126,1,1,0,0,1,0,0.,0.,0.5,0.5,1.,1.,3.99999994039536,                867P   1117
-5.65375617640589,37.9,8.99999994039536,-5.65375617640589,37.9,      867P   1118
0.,0.5,0.,0.,0.;                                                     867P   1119
126,2,2,0,0,0,0,4.44936677747622,4.44936677747622,                   869P   1120
4.44936677747622,4.97541118329316,4.97541118329316,                  869P   1121
4.97541118329316,1.,0.965608616365867,1.,3.99999994039536,           869P   1122
1.74624382359411,28.2439138363414,3.99999994039536,                  869P   1123
4.34624382359412,27.5438372333133,3.99999994039536,                  869P   1124
6.94624382359411,28.2439138363414,4.44936677747622,                  869P   1125
4.97541118329316,0.,0.,0.;                                           869P   1126
126,1,1,0,0,1,0,0.,0.,0.5,0.5,1.,1.,3.99999994039536,                871P   1127
6.94624382359411,28.2439138363414,8.99999994039536,                  871P   1128
6.94624382359411,28.2439138363414,0.,0.5,0.,0.,0.;                   871P   1129
126,2,2,0,0,0,0,4.44936677747622,4.44936677747622,                   873P   1130
4.44936677747622,4.97541118329316,4.97541118329316,                  873P   1131
4.97541118329316,1.,0.965608616365867,1.,8.99999994039536,           873P   1132
1.74624382359411,28.2439138363414,8.99999994039536,                  873P   1133
4.34624382359412,27.5438372333133,8.99999994039536,                  873P   1134
6.94624382359411,28.2439138363414,4.44936677747622,                  873P   1135
4.97541118329316,0.,0.,0.;                                           873P   1136
126,4,2,0,0,0,0,0.000255678224465941,0.000255678224465941,           875P   1137
0.000255678224465941,1.57092416590713,1.57092416590713,              875P   1138
3.14159265358979,3.14159265358979,3.14159265358979,1.,               875P   1139
0.707151977693581,1.,0.707151977693582,1.,8.99999994039536,          875P   1140
14.3462434967373,37.9025567822168,8.99999994039536,                  875P   1141
14.3436870413564,47.9012781459867,8.99999994039536,                  875P   1142
4.34496543247526,47.8999999182858,8.99999994039536,                  875P   1143
-5.65375617640589,47.8987216905849,8.99999994039536,                 875P   1144
-5.65375617640589,37.9,0.000255678224465941,3.14159265358979,0.,     875P   1145
0.,0.;                                                               875P   1146
126,1,1,0,0,1,0,0.,0.,0.5,0.5,1.,1.,3.99999994039536,                877P   1147
14.3462438235941,37.9025567822168,8.99999994039536,                  877P   1148
14.3462438235941,37.9025567822168,0.,0.5,0.,0.,0.;                   877P   1149
126,4,2,0,0,0,0,0.000255678224466038,0.000255678224466038,           879P   1150
0.000255678224466038,1.57092416590713,1.57092416590713,              879P   1151
3.14159265358979,3.14159265358979,3.14159265358979,1.,               879P   1152
0.707151977693581,1.,0.707151977693582,1.,3.99999994039536,          879P   1153
14.3462434967373,37.9025567822168,3.99999994039536,                  879P   1154
14.3436870413564,47.9012781459867,3.99999994039536,                  879P   1155
4.34496543247526,47.8999999182858,3.99999994039536,                  879P   1156
-5.65375617640589,47.8987216905849,3.99999994039536,                 879P   1157
-5.65375617640589,37.9,0.000255678224466038,3.14159265358979,0.,     879P   1158
0.,0.;                                                               879P   1159
126,1,1,0,0,1,0,0.,0.,0.000255678221680267,0.000255678221680267,     881P   1160
1.,1.,3.99999994039536,14.3462438235941,37.9025567822168,            881P   1161
3.99999994039536,14.3462438235941,37.9,0.,0.000255678221680267,      881P   1162
0.,0.,0.;                                                            881P   1163
126,1,1,0,0,1,0,0.,0.,3.43861890880627,3.43861890880627,1.,1.,       883P   1164
3.99999994039536,14.3462438235941,37.9000000000001,                  883P   1165
3.99999994039536,24.3462438235941,5.,0.,3.43861890880627,0.,0.,      883P   1166
0.;                                                                  883P   1167
126,1,1,0,0,1,0,0.,0.,1.74,1.74,1.,1.,3.99999994039536,              885P   1168
24.3462438235941,5.,3.99999994039536,6.94624382359411,5.,0.,         885P   1169
1.74,0.,0.,0.;                                                       885P   1170
126,1,1,0,0,1,0,0.00431096776830042,0.00431096776830042,             887P   1171
2.32870235140244,2.32870235140244,1.,1.,3.99999994039536,            887P   1172
6.94624382359411,28.2439138363414,3.99999994039536,                  887P   1173
6.94624382359411,5.,0.00431096776830042,2.32870235140244,0.,0.,      887P   1174
0.;                                                                  887P   1175
126,1,1,0,0,1,0,-0.16583123951777,-0.16583123951777,                 889P   1176
0.49749371855331,0.49749371855331,1.,1.,3.99999994039536,            889P   1177
9.34624382359411,34.5833752096446,3.99999994039536,                  889P   1178
9.34624382359411,41.2166247903554,-0.16583123951777,                 889P   1179
0.49749371855331,0.,0.,0.;                                           889P   1180
126,4,2,0,0,0,0,0.,0.,0.,0.985110783337746,0.985110783337746,        891P   1181
1.97022156667549,1.97022156667549,1.97022156667549,1.,               891P   1182
0.881127345618258,1.,0.881127345618257,1.,3.99999994039536,          891P   1183
9.34624382359411,41.2166247903554,3.99999994039536,                  891P   1184
7.56629407516763,43.9,3.99999994039536,4.34624382359411,43.9,        891P   1185
3.99999994039536,1.12619357202059,43.9,3.99999994039536,             891P   1186
-0.653756176405889,41.2166247903554,0.,1.97022156667549,0.,0.,       891P   1187
0.;                                                                  891P   1188
126,1,1,0,0,1,0,-0.16583123951777,-0.16583123951777,                 893P   1189
0.49749371855331,0.49749371855331,1.,1.,3.99999994039536,            893P   1190
-0.653756176405889,41.2166247903554,3.99999994039536,                893P   1191
-0.653756176405889,34.5833752096446,-0.16583123951777,               893P   1192
0.49749371855331,0.,0.,0.;                                           893P   1193
126,4,2,0,0,0,0,0.,0.,0.,0.985110783337746,0.985110783337746,        895P   1194
1.97022156667549,1.97022156667549,1.97022156667549,1.,               895P   1195
0.881127345618267,1.,0.881127345618266,1.,3.99999994039536,          895P   1196
-0.653756176405889,34.5833752096446,3.99999994039536,                895P   1197
1.12619357202059,31.9,3.99999994039536,4.34624382359411,31.9,        895P   1198
3.99999994039536,7.56629407516763,31.9,3.99999994039536,             895P   1199
9.34624382359411,34.5833752096446,0.,1.97022156667549,0.,0.,0.;      895P   1200
126,1,1,0,0,1,0,0.,0.,0.5,0.5,1.,1.,3.99999994039536,                897P   1201
6.94624382359411,5.,8.99999994039536,6.94624382359411,5.,0.,0.5,     897P   1202
0.,0.,0.;                                                            897P   1203
126,1,1,0,0,1,0,0.00431096776830042,0.00431096776830042,             899P   1204
2.32870235140244,2.32870235140244,1.,1.,8.99999994039536,            899P   1205
6.94624382359411,28.2439138363414,8.99999994039536,                  899P   1206
6.94624382359411,5.,0.00431096776830042,2.32870235140244,0.,0.,      899P   1207
0.;                                                                  899P   1208
126,1,1,0,0,1,0,0.,0.,0.5,0.5,1.,1.,3.99999994039536,                901P   1209
14.3462438235941,37.9,8.99999994039536,14.3462438235941,37.9,0.,     901P   1210
0.5,0.,0.,0.;                                                        901P   1211
126,1,1,0,0,1,0,-3.43861890880627,-3.43861890880627,0.,0.,1.,1.,     903P   1212
8.99999994039536,24.3462438235941,5.,8.99999994039536,               903P   1213
14.3462438235941,37.9000000000001,-3.43861890880627,0.,0.,0.,0.;     903P   1214
126,1,1,0,0,1,0,0.,0.,0.5,0.5,1.,1.,3.99999994039536,                905P   1215
24.3462438235941,5.,8.99999994039536,24.3462438235941,5.,0.,0.5,     905P   1216
0.,0.,0.;                                                            905P   1217
126,1,1,0,0,1,0,-1.74,-1.74,0.,0.,1.,1.,8.99999994039536,            907P   1218
6.94624382359411,5.,8.99999994039536,24.3462438235941,5.,-1.74,      907P   1219
0.,0.,0.,0.;                                                         907P   1220
126,1,1,0,0,1,0,-0.49749371855331,-0.49749371855331,                 909P   1221
0.16583123951777,0.16583123951777,1.,1.,8.99999994039536,            909P   1222
-0.653756176405889,34.5833752096446,8.99999994039536,                909P   1223
-0.653756176405889,41.2166247903554,-0.49749371855331,               909P   1224
0.16583123951777,0.,0.,0.;                                           909P   1225
126,1,1,0,0,1,0,0.,0.,0.5,0.5,1.,1.,3.99999994039536,                911P   1226
-0.653756176405889,34.5833752096446,8.99999994039536,                911P   1227
-0.653756176405889,34.5833752096446,0.,0.5,0.,0.,0.;                 911P   1228
126,1,1,0,0,1,0,0.,0.,0.5,0.5,1.,1.,3.99999994039536,                913P   1229
-0.653756176405889,41.2166247903554,8.99999994039536,                913P   1230
-0.653756176405889,41.2166247903554,0.,0.5,0.,0.,0.;                 913P   1231
126,4,2,0,0,0,0,-1.97022156667549,-1.97022156667549,                 915P   1232
-1.97022156667549,-0.985110783337746,-0.985110783337746,0.,0.,       915P   1233
0.,1.,0.881127345618257,1.,0.881127345618258,1.,                     915P   1234
8.99999994039536,-0.653756176405889,41.2166247903554,                915P   1235
8.99999994039536,1.12619357202059,43.9,8.99999994039536,             915P   1236
4.34624382359411,43.9,8.99999994039536,7.56629407516763,43.9,        915P   1237
8.99999994039536,9.34624382359411,41.2166247903554,                  915P   1238
-1.97022156667549,0.,0.,0.,0.;                                       915P   1239
126,1,1,0,0,1,0,0.,0.,0.5,0.5,1.,1.,3.99999994039536,                917P   1240
9.34624382359411,41.2166247903554,8.99999994039536,                  917P   1241
9.34624382359411,41.2166247903554,0.,0.5,0.,0.,0.;                   917P   1242
126,1,1,0,0,1,0,-0.49749371855331,-0.49749371855331,                 919P   1243
0.16583123951777,0.16583123951777,1.,1.,8.99999994039536,            919P   1244
9.34624382359411,41.2166247903554,8.99999994039536,                  919P   1245
9.34624382359411,34.5833752096446,-0.49749371855331,                 919P   1246
0.16583123951777,0.,0.,0.;                                           919P   1247
126,1,1,0,0,1,0,0.,0.,0.5,0.5,1.,1.,3.99999994039536,                921P   1248
9.34624382359411,34.5833752096446,8.99999994039536,                  921P   1249
9.34624382359411,34.5833752096446,0.,0.5,0.,0.,0.;                   921P   1250
126,4,2,0,0,0,0,-1.97022156667549,-1.97022156667549,                 923P   1251
-1.97022156667549,-0.985110783337746,-0.985110783337746,0.,0.,       923P   1252
0.,1.,0.881127345618266,1.,0.881127345618267,1.,                     923P   1253
8.99999994039536,9.34624382359411,34.5833752096446,                  923P   1254
8.99999994039536,7.56629407516763,31.9,8.99999994039536,             923P   1255
4.34624382359411,31.9,8.99999994039536,1.12619357202059,31.9,        923P   1256
8.99999994039536,-0.653756176405889,34.5833752096446,                923P   1257
-1.97022156667549,0.,0.,0.,0.;                                       923P   1258
126,1,1,0,0,1,0,-0.000255678221680267,-0.000255678221680267,0.,      925P   1259
0.,1.,1.,8.99999994039536,14.3462438235941,37.9,                     925P   1260
8.99999994039536,14.3462438235941,37.9025567822168,                  925P   1261
-0.000255678221680267,0.,0.,0.,0.;                                   925P   1262
128,1,8,1,2,0,1,0,0,1,0.,0.,6.25,6.25,-3.14159265358979,             927P   1263
-3.14159265358979,-3.14159265358979,-1.5707963267949,                927P   1264
-1.5707963267949,0.,0.,1.5707963267949,1.5707963267949,              927P   1265
3.14159265358979,3.14159265358979,3.14159265358979,1.,1.,            927P   1266
0.707106781186548,0.707106781186548,1.,1.,0.707106781186548,         927P   1267
0.707106781186548,1.,1.,0.707106781186548,0.707106781186548,1.,      927P   1268
1.,0.707106781186548,0.707106781186548,1.,1.,-217.,28.,38.,          927P   1269
-167.,28.,38.,-217.,28.,46.,-167.,28.,46.,-217.,20.,46.,-167.,       927P   1270
20.,46.,-217.,12.,46.,-167.,12.,46.,-217.,12.,38.,-167.,12.,38.,     927P   1271
-217.,12.,30.,-167.,12.,30.,-217.,20.,30.,-167.,20.,30.,-217.,       927P   1272
28.,30.,-167.,28.,30.,-217.,28.,38.,-167.,28.,38.,0.,6.25,           927P   1273
-3.14159265358979,3.14159265358979;                                  927P   1274
128,1,8,1,2,0,1,0,0,1,0.,0.,5.,5.,-3.14159265358979,                 929P   1275
-3.14159265358979,-3.14159265358979,-1.5707963267949,                929P   1276
-1.5707963267949,0.,0.,1.5707963267949,1.5707963267949,              929P   1277
3.14159265358979,3.14159265358979,3.14159265358979,1.,1.,            929P   1278
0.707106781186548,0.707106781186548,1.,1.,0.707106781186548,         929P   1279
0.707106781186548,1.,1.,0.707106781186548,0.707106781186548,1.,      929P   1280
1.,0.707106781186548,0.707106781186548,1.,1.,-167.,30.,38.,          929P   1281
-217.,30.,38.,-167.,30.,48.,-217.,30.,48.,-167.,20.,48.,-217.,       929P   1282
20.,48.,-167.,10.,48.,-217.,10.,48.,-167.,10.,38.,-217.,10.,38.,     929P   1283
-167.,10.,28.,-217.,10.,28.,-167.,20.,28.,-217.,20.,28.,-167.,       929P   1284
30.,28.,-217.,30.,28.,-167.,30.,38.,-217.,30.,38.,0.,5.,             929P   1285
-3.14159265358979,3.14159265358979;                                  929P   1286
128,1,1,1,1,0,0,1,0,0,-1.001,-1.001,1.001,1.001,-1.001,-1.001,       931P   1287
1.001,1.001,1.,1.,1.,1.,-217.,30.01,27.99,-217.,9.99,27.99,          931P   1288
-217.,30.01,48.01,-217.,9.99,48.01,-1.001,1.001,-1.001,1.001;        931P   1289
128,1,1,1,1,0,0,1,0,0,-1.001,-1.001,1.001,1.001,-1.001,-1.001,       933P   1290
1.001,1.001,1.,1.,1.,1.,-167.,9.99,27.99,-167.,30.01,27.99,          933P   1291
-167.,9.99,48.01,-167.,30.01,48.01,-1.001,1.001,-1.001,1.001;        933P   1292
128,1,1,1,1,0,0,1,0,0,-0.001,-0.001,0.501,0.501,-0.001,-0.001,       935P   1293
0.501,0.501,1.,1.,1.,1.,6.69999997019767,1.83624382359411,           935P   1294
5.01000000000002,6.69999997019767,6.85624382359411,                  935P   1295
5.01000000000002,6.69999997019767,1.83624382359411,                  935P   1296
-0.00999999999998336,6.69999997019767,6.85624382359411,              935P   1297
-0.00999999999998336,-0.001,0.501,-0.001,0.501;                      935P   1298
128,1,1,1,1,0,0,1,0,0,-0.001,-0.001,0.501,0.501,-0.001,-0.001,       937P   1299
0.501,0.501,1.,1.,1.,1.,16.2999999701977,6.85624382359411,           937P   1300
5.01000000000002,16.2999999701977,1.83624382359411,                  937P   1301
5.01000000000002,16.2999999701977,6.85624382359411,                  937P   1302
-0.00999999999998336,16.2999999701977,1.83624382359411,              937P   1303
-0.00999999999998336,-0.001,0.501,-0.001,0.501;                      937P   1304
128,1,1,1,1,0,0,1,0,0,-0.481,-0.481,0.481,0.481,-0.251,-0.251,       939P   1305
0.251,0.251,1.,1.,1.,1.,16.3099999701977,1.83624382359411,           939P   1306
1.66533453693773D-14,6.68999997019767,1.83624382359411,              939P   1307
1.66533453693773D-14,16.3099999701977,6.85624382359411,              939P   1308
1.66533453693773D-14,6.68999997019768,6.85624382359411,              939P   1309
1.66533453693773D-14,-0.481,0.481,-0.251,0.251;                      939P   1310
128,1,1,1,1,0,0,1,0,0,2.25152831864997,2.25152831864997,             941P   1311
3.7235283216302,3.7235283216302,-0.251,-0.251,0.251,0.251,1.,1.,     941P   1312
1.,1.,6.70999997019767,1.83624382359411,5.00000000000002,            941P   1313
-8.01000005960465,1.83624382359411,5.00000000000002,                 941P   1314
6.70999997019767,6.85624382359411,5.00000000000002,                  941P   1315
-8.01000005960465,6.85624382359411,5.00000000000002,                 941P   1316
2.25152831864997,3.7235283216302,-0.251,0.251;                       941P   1317
128,1,1,1,1,0,0,1,0,0,-0.001,-0.001,1.29352831864997,                943P   1318
1.29352831864997,-0.251,-0.251,0.251,0.251,1.,1.,1.,1.,              943P   1319
29.2352831566974,1.83624382359411,5.00000000000001,                  943P   1320
16.2899999701977,1.83624382359411,5.00000000000002,                  943P   1321
29.2352831566974,6.85624382359411,5.00000000000001,                  943P   1322
16.2899999701977,6.85624382359411,5.00000000000002,-0.001,           943P   1323
1.29352831864997,-0.251,0.251;                                       943P   1324
128,1,1,1,1,0,0,1,0,0,-0.001,-0.001,0.501,0.501,                     945P   1325
-0.00100000000000011,-0.00100000000000011,0.501,0.501,1.,1.,1.,      945P   1326
1.,-7.99000005960464,1.83624382359411,23.2871136996046,              945P   1327
-7.99000005960464,6.85624382359411,23.2871136996046,                 945P   1328
-13.0100000596046,1.83624382359411,23.2871136996046,                 945P   1329
-13.0100000596046,6.85624382359411,23.2871136996046,-0.001,          945P   1330
0.501,-0.00100000000000011,0.501;                                    945P   1331
128,1,1,1,1,0,0,1,0,0,-0.001,-0.001,0.501,0.501,-0.001,-0.001,       947P   1332
0.501,0.501,1.,1.,1.,1.,-7.99000005960464,6.85624382359411,          947P   1333
13.6871136996046,-7.99000005960464,1.83624382359411,                 947P   1334
13.6871136996046,-13.0100000596046,6.85624382359411,                 947P   1335
13.6871136996046,-13.0100000596046,1.83624382359411,                 947P   1336
13.6871136996046,-0.001,0.501,-0.001,0.501;                          947P   1337
128,1,1,1,1,0,0,1,0,0,-0.481,-0.481,0.481,0.481,-0.251,-0.251,       949P   1338
0.251,0.251,1.,1.,1.,1.,-13.0000000596046,1.83624382359411,          949P   1339
13.6771136996046,-13.0000000596046,1.83624382359411,                 949P   1340
23.2971136996046,-13.0000000596046,6.85624382359411,                 949P   1341
13.6771136996046,-13.0000000596046,6.85624382359411,                 949P   1342
23.2971136996046,-0.481,0.481,-0.251,0.251;                          949P   1343
128,1,1,1,1,0,0,1,0,0,1.82771136996046,1.82771136996046,2.281,       951P   1344
2.281,-0.251,-0.251,0.251,0.251,1.,1.,1.,1.,-8.00000005960464,       951P   1345
1.83624382359411,23.2771136996046,-8.00000005960464,                 951P   1346
1.83624382359411,27.81,-8.00000005960464,6.85624382359411,           951P   1347
23.2771136996046,-8.00000005960464,6.85624382359411,27.81,           951P   1348
1.82771136996046,2.281,-0.251,0.251;                                 951P   1349
128,1,1,1,1,0,0,1,0,0,-0.001,-0.001,0.869711369960455,               953P   1350
0.869711369960455,-0.251,-0.251,0.251,0.251,1.,1.,1.,1.,             953P   1351
-8.00000005960464,1.83624382359411,4.99000000000002,                 953P   1352
-8.00000005960464,1.83624382359411,13.6971136996046,                 953P   1353
-8.00000005960464,6.85624382359411,4.99000000000002,                 953P   1354
-8.00000005960464,6.85624382359411,13.6971136996046,-0.001,          953P   1355
0.869711369960455,-0.251,0.251;                                      953P   1356
128,1,1,1,1,0,0,1,0,0,-1.141,-1.141,1.641,1.641,                     955P   1357
-2.3622641608151,-2.3622641608151,1.8622641608151,                   955P   1358
1.8622641608151,1.,1.,1.,1.,-13.0100000596046,1.84624382359411,      955P   1359
27.81,-13.0100000596046,1.84624382359411,-0.00999999999998336,       955P   1360
29.2352831566974,1.84624382359411,27.81,29.2352831566974,            955P   1361
1.84624382359411,-0.00999999999998114,-1.141,1.641,                  955P   1362
-2.3622641608151,1.8622641608151;                                    955P   1363
128,1,1,1,1,0,0,1,0,0,-0.001,-0.001,1.83822843671693,                957P   1364
1.83822843671693,-0.251,-0.251,0.251,0.251,1.,1.,1.,1.,              957P   1365
13.9925523575847,1.83624382359411,27.8066733432609,                  957P   1366
27.6903584478331,1.83624382359411,15.5328706498504,                  957P   1367
13.9925523575847,6.85624382359411,27.8066733432609,                  957P   1368
27.6903584478331,6.85624382359411,15.5328706498504,-0.001,           957P   1369
1.83822843671693,-0.251,0.251;                                       957P   1370
128,1,1,1,1,0,0,1,0,0,-0.001,-0.001,2.201,2.201,-0.251,-0.251,       959P   1371
0.251,0.251,1.,1.,1.,1.,-8.01000005960464,1.83624382359411,27.8,     959P   1372
14.0099999403954,1.83624382359411,27.8,-8.01000005960464,            959P   1373
6.85624382359411,27.8,14.0099999403954,6.85624382359411,27.8,        959P   1374
-0.001,2.201,-0.251,0.251;                                           959P   1375
128,1,1,1,1,0,0,1,0,0,-0.001,-0.001,1.06618026581821,                961P   1376
1.06618026581821,-0.251,-0.251,0.251,0.251,1.,1.,1.,1.,              961P   1377
27.6814628732212,1.83624382359411,15.5494386037526,                  961P   1378
29.2267311484985,1.83624382359411,4.99010538935868,                  961P   1379
27.6814628732212,6.85624382359411,15.5494386037526,                  961P   1380
29.2267311484985,6.85624382359411,4.99010538935867,-0.001,           961P   1381
1.06618026581821,-0.251,0.251;                                       961P   1382
128,1,1,1,1,0,0,1,0,0,-1.641,-1.641,1.141,1.141,                     963P   1383
-2.3622641608151,-2.3622641608151,1.8622641608151,                   963P   1384
1.8622641608151,1.,1.,1.,1.,-13.0100000596046,6.84624382359411,      963P   1385
-0.00999999999998336,-13.0100000596046,6.84624382359411,27.81,       963P   1386
29.2352831566974,6.84624382359411,-0.00999999999998336,              963P   1387
29.2352831566974,6.84624382359411,27.81,-1.641,1.141,                963P   1388
-2.3622641608151,1.8622641608151;                                    963P   1389
128,1,1,1,1,0,0,1,0,0,-0.001,-0.001,0.655217089351846,               965P   1390
0.655217089351846,-0.001,-0.001,1.001,1.001,1.,1.,1.,1.,             965P   1391
3.98999994039536,9.19624382359411,41.1810854467592,                  965P   1392
3.98999994039536,9.19624382359411,34.6189145532408,                  965P   1393
14.0099999403954,9.19624382359411,41.1810854467592,                  965P   1394
14.0099999403954,9.19624382359411,34.6189145532408,-0.001,           965P   1395
0.655217089351846,-0.001,1.001;                                      965P   1396
128,1,4,1,2,0,0,0,0,0,0.,0.,1.70940170940171,1.70940170940171,       967P   1397
0.,0.,0.,0.977424183412857,0.977424183412857,1.95484836682572,       967P   1398
1.95484836682572,1.95484836682572,1.,1.,0.882938249661019,           967P   1399
0.882938249661019,1.,1.,0.882938249661019,0.882938249661019,1.,      967P   1400
1.,3.99999994039536,9.19624382359411,41.1710854467592,               967P   1401
13.9999999403954,9.19624382359411,41.1710854467592,                  967P   1402
3.99999994039536,7.45689333626597,43.75,13.9999999403954,            967P   1403
7.45689333626597,43.75,3.99999994039536,4.34624382359411,43.75,      967P   1404
13.9999999403954,4.34624382359411,43.75,3.99999994039536,            967P   1405
1.23559431092224,43.75,13.9999999403954,1.23559431092224,43.75,      967P   1406
3.99999994039536,-0.503756176405895,41.1710854467592,                967P   1407
13.9999999403954,-0.503756176405895,41.1710854467592,0.,             967P   1408
1.70940170940171,0.,1.95484836682572;                                967P   1409
128,1,1,1,1,0,0,1,0,0,-0.001,-0.001,0.655217089351845,               969P   1410
0.655217089351845,-0.001,-0.001,1.001,1.001,1.,1.,1.,1.,             969P   1411
3.98999994039536,-0.503756176405886,34.6189145532408,                969P   1412
3.98999994039536,-0.503756176405886,41.1810854467592,                969P   1413
14.0099999403954,-0.503756176405886,34.6189145532408,                969P   1414
14.0099999403954,-0.503756176405886,41.1810854467592,-0.001,         969P   1415
0.655217089351845,-0.001,1.001;                                      969P   1416
128,1,4,1,2,0,0,0,0,0,0.,0.,1.70940170940171,1.70940170940171,       971P   1417
0.,0.,0.,0.977424183412856,0.977424183412856,1.95484836682571,       971P   1418
1.95484836682571,1.95484836682571,1.,1.,0.882938249661019,           971P   1419
0.882938249661019,1.,1.,0.882938249661019,0.882938249661019,1.,      971P   1420
1.,3.99999994039536,-0.503756176405886,34.6289145532408,             971P   1421
13.9999999403954,-0.503756176405886,34.6289145532408,                971P   1422
3.99999994039536,1.23559431092225,32.05,13.9999999403954,            971P   1423
1.23559431092225,32.05,3.99999994039536,4.34624382359411,32.05,      971P   1424
13.9999999403954,4.34624382359411,32.05,3.99999994039536,            971P   1425
7.45689333626597,32.05,13.9999999403954,7.45689333626597,32.05,      971P   1426
3.99999994039536,9.19624382359411,34.6289145532408,                  971P   1427
13.9999999403954,9.19624382359411,34.6289145532408,0.,               971P   1428
1.70940170940171,0.,1.95484836682571;                                971P   1429
128,1,8,1,2,0,1,0,0,1,0.,0.,1.25786163522013,1.25786163522013,       973P   1430
-3.14159265358979,-3.14159265358979,-3.14159265358979,               973P   1431
-1.5707963267949,-1.5707963267949,0.,0.,1.5707963267949,             973P   1432
1.5707963267949,3.14159265358979,3.14159265358979,                   973P   1433
3.14159265358979,1.,1.,0.707106781186548,0.707106781186548,1.,       973P   1434
1.,0.707106781186548,0.707106781186548,1.,1.,0.707106781186548,      973P   1435
0.707106781186548,1.,1.,0.707106781186548,0.707106781186548,1.,      973P   1436
1.,13.9999999403954,-3.60375617640589,37.9,3.99999994039536,         973P   1437
-3.60375617640589,37.9,13.9999999403954,-3.60375617640589,29.95,     973P   1438
3.99999994039536,-3.60375617640589,29.95,13.9999999403954,           973P   1439
4.34624382359411,29.95,3.99999994039536,4.34624382359411,29.95,      973P   1440
13.9999999403954,12.2962438235941,29.95,3.99999994039536,            973P   1441
12.2962438235941,29.95,13.9999999403954,12.2962438235941,37.9,       973P   1442
3.99999994039536,12.2962438235941,37.9,13.9999999403954,             973P   1443
12.2962438235941,45.85,3.99999994039536,12.2962438235941,45.85,      973P   1444
13.9999999403954,4.34624382359411,45.85,3.99999994039536,            973P   1445
4.34624382359411,45.85,13.9999999403954,-3.60375617640589,45.85,     973P   1446
3.99999994039536,-3.60375617640589,45.85,13.9999999403954,           973P   1447
-3.60375617640589,37.9,3.99999994039536,-3.60375617640589,37.9,      973P   1448
0.,1.25786163522013,-3.14159265358979,3.14159265358979;              973P   1449
128,1,1,1,1,0,0,1,0,0,-0.796,-0.796,0.796,0.796,-0.796,-0.796,       975P   1450
0.796,0.796,1.,1.,1.,1.,13.9999999403954,-3.61375617640589,          975P   1451
29.94,13.9999999403954,12.3062438235941,29.94,13.9999999403954,      975P   1452
-3.61375617640589,45.86,13.9999999403954,12.3062438235941,45.86,     975P   1453
-0.796,0.796,-0.796,0.796;                                           975P   1454
128,1,1,1,1,0,0,1,0,0,-0.796,-0.796,0.796,0.796,-0.796,-0.796,       977P   1455
0.796,0.796,1.,1.,1.,1.,3.99999994039536,12.3062438235941,29.94,     977P   1456
3.99999994039536,-3.61375617640589,29.94,3.99999994039536,           977P   1457
12.3062438235941,45.86,3.99999994039536,-3.61375617640589,45.86,     977P   1458
-0.796,0.796,-0.796,0.796;                                           977P   1459
128,1,1,1,1,0,0,1,0,0,-0.001,-0.001,0.655217089351846,               979P   1460
0.655217089351846,-0.001,-0.001,1.001,1.001,1.,1.,1.,1.,             979P   1461
3.98999994039536,9.19624382359411,41.1810854467592,                  979P   1462
3.98999994039536,9.19624382359411,34.6189145532408,                  979P   1463
14.0099999403954,9.19624382359411,41.1810854467592,                  979P   1464
14.0099999403954,9.19624382359411,34.6189145532408,-0.001,           979P   1465
0.655217089351846,-0.001,1.001;                                      979P   1466
128,1,4,1,2,0,0,0,0,0,0.,0.,1.70940170940171,1.70940170940171,       981P   1467
0.,0.,0.,0.977424183412857,0.977424183412857,1.95484836682572,       981P   1468
1.95484836682572,1.95484836682572,1.,1.,0.882938249661019,           981P   1469
0.882938249661019,1.,1.,0.882938249661019,0.882938249661019,1.,      981P   1470
1.,3.99999994039536,9.19624382359411,41.1710854467592,               981P   1471
13.9999999403954,9.19624382359411,41.1710854467592,                  981P   1472
3.99999994039536,7.45689333626597,43.75,13.9999999403954,            981P   1473
7.45689333626597,43.75,3.99999994039536,4.34624382359411,43.75,      981P   1474
13.9999999403954,4.34624382359411,43.75,3.99999994039536,            981P   1475
1.23559431092224,43.75,13.9999999403954,1.23559431092224,43.75,      981P   1476
3.99999994039536,-0.503756176405895,41.1710854467592,                981P   1477
13.9999999403954,-0.503756176405895,41.1710854467592,0.,             981P   1478
1.70940170940171,0.,1.95484836682572;                                981P   1479
128,1,1,1,1,0,0,1,0,0,-0.001,-0.001,0.655217089351845,               983P   1480
0.655217089351845,-0.001,-0.001,1.001,1.001,1.,1.,1.,1.,             983P   1481
3.98999994039536,-0.503756176405886,34.6189145532408,                983P   1482
3.98999994039536,-0.503756176405886,41.1810854467592,                983P   1483
14.0099999403954,-0.503756176405886,34.6189145532408,                983P   1484
14.0099999403954,-0.503756176405886,41.1810854467592,-0.001,         983P   1485
0.655217089351845,-0.001,1.001;                                      983P   1486
128,1,4,1,2,0,0,0,0,0,0.,0.,1.70940170940171,1.70940170940171,       985P   1487
0.,0.,0.,0.977424183412856,0.977424183412856,1.95484836682571,       985P   1488
1.95484836682571,1.95484836682571,1.,1.,0.882938249661019,           985P   1489
0.882938249661019,1.,1.,0.882938249661019,0.882938249661019,1.,      985P   1490
1.,3.99999994039536,-0.503756176405886,34.6289145532408,             985P   1491
13.9999999403954,-0.503756176405886,34.6289145532408,                985P   1492
3.99999994039536,1.23559431092225,32.05,13.9999999403954,            985P   1493
1.23559431092225,32.05,3.99999994039536,4.34624382359411,32.05,      985P   1494
13.9999999403954,4.34624382359411,32.05,3.99999994039536,            985P   1495
7.45689333626597,32.05,13.9999999403954,7.45689333626597,32.05,      985P   1496
3.99999994039536,9.19624382359411,34.6289145532408,                  985P   1497
13.9999999403954,9.19624382359411,34.6289145532408,0.,               985P   1498
1.70940170940171,0.,1.95484836682571;                                985P   1499
128,1,8,1,2,0,1,0,0,1,0.,0.,1.25786163522013,1.25786163522013,       987P   1500
-3.14159265358979,-3.14159265358979,-3.14159265358979,               987P   1501
-1.5707963267949,-1.5707963267949,0.,0.,1.5707963267949,             987P   1502
1.5707963267949,3.14159265358979,3.14159265358979,                   987P   1503
3.14159265358979,1.,1.,0.707106781186548,0.707106781186548,1.,       987P   1504
1.,0.707106781186548,0.707106781186548,1.,1.,0.707106781186548,      987P   1505
0.707106781186548,1.,1.,0.707106781186548,0.707106781186548,1.,      987P   1506
1.,13.9999999403954,-3.60375617640589,37.9,3.99999994039536,         987P   1507
-3.60375617640589,37.9,13.9999999403954,-3.60375617640589,29.95,     987P   1508
3.99999994039536,-3.60375617640589,29.95,13.9999999403954,           987P   1509
4.34624382359411,29.95,3.99999994039536,4.34624382359411,29.95,      987P   1510
13.9999999403954,12.2962438235941,29.95,3.99999994039536,            987P   1511
12.2962438235941,29.95,13.9999999403954,12.2962438235941,37.9,       987P   1512
3.99999994039536,12.2962438235941,37.9,13.9999999403954,             987P   1513
12.2962438235941,45.85,3.99999994039536,12.2962438235941,45.85,      987P   1514
13.9999999403954,4.34624382359411,45.85,3.99999994039536,            987P   1515
4.34624382359411,45.85,13.9999999403954,-3.60375617640589,45.85,     987P   1516
3.99999994039536,-3.60375617640589,45.85,13.9999999403954,           987P   1517
-3.60375617640589,37.9,3.99999994039536,-3.60375617640589,37.9,      987P   1518
0.,1.25786163522013,-3.14159265358979,3.14159265358979;              987P   1519
128,1,1,1,1,0,0,1,0,0,-0.796,-0.796,0.796,0.796,-0.796,-0.796,       989P   1520
0.796,0.796,1.,1.,1.,1.,13.9999999403954,-3.61375617640589,          989P   1521
29.94,13.9999999403954,12.3062438235941,29.94,13.9999999403954,      989P   1522
-3.61375617640589,45.86,13.9999999403954,12.3062438235941,45.86,     989P   1523
-0.796,0.796,-0.796,0.796;                                           989P   1524
128,1,1,1,1,0,0,1,0,0,-0.796,-0.796,0.796,0.796,-0.796,-0.796,       991P   1525
0.796,0.796,1.,1.,1.,1.,3.99999994039536,12.3062438235941,29.94,     991P   1526
3.99999994039536,-3.61375617640589,29.94,3.99999994039536,           991P   1527
12.3062438235941,45.86,3.99999994039536,-3.61375617640589,45.86,     991P   1528
-0.796,0.796,-0.796,0.796;                                           991P   1529
128,1,2,1,2,0,0,0,0,0,0.,0.,0.333333333333333,0.333333333333333,     993P   1530
-0.785398163397448,-0.785398163397448,-0.785398163397448,            993P   1531
0.785398163397448,0.785398163397448,0.785398163397448,1.,1.,         993P   1532
0.707106781186548,0.707106781186548,1.,1.,-8.00000005960464,         993P   1533
24.3462438235941,38.,-13.0000000596046,24.3462438235941,38.,         993P   1534
-8.00000005960464,24.3462438235941,53.,-13.0000000596046,            993P   1535
24.3462438235941,53.,-8.00000005960464,9.34624382359411,53.,         993P   1536
-13.0000000596046,9.34624382359411,53.,0.,0.333333333333333,         993P   1537
-0.785398163397448,0.785398163397448;                                993P   1538
128,1,1,1,1,0,0,1,0,0,1.499,1.499,2.501,2.501,-0.001,-0.001,         995P   1539
0.501,0.501,1.,1.,1.,1.,-13.0100000596046,9.35624382359411,53.,      995P   1540
-13.0100000596046,-0.663756176405887,53.,-7.99000005960464,          995P   1541
9.35624382359411,53.,-7.99000005960464,-0.663756176405887,53.,       995P   1542
1.499,2.501,-0.001,0.501;                                            995P   1543
128,1,1,1,1,0,0,1,0,0,-2.001,-2.001,2.001,2.001,-2.651,-2.651,       997P   1544
2.651,2.651,1.,1.,1.,1.,-13.0000000596046,24.3562438235941,          997P   1545
-0.0099999999999989,-13.0000000596046,-15.6637561764059,             997P   1546
-0.0099999999999989,-13.0000000596046,24.3562438235941,53.01,        997P   1547
-13.0000000596046,-15.6637561764059,53.01,-2.001,2.001,-2.651,       997P   1548
2.651;                                                               997P   1549
128,1,2,1,2,0,0,0,0,0,0.,0.,0.333333333333333,0.333333333333333,     999P   1550
-0.785398163397448,-0.785398163397448,-0.785398163397448,            999P   1551
0.785398163397448,0.785398163397448,0.785398163397448,1.,1.,         999P   1552
0.707106781186548,0.707106781186548,1.,1.,-8.00000005960464,         999P   1553
-0.65375617640589,53.,-13.0000000596046,-0.65375617640589,53.,       999P   1554
-8.00000005960464,-15.6537561764059,53.,-13.0000000596046,           999P   1555
-15.6537561764059,53.,-8.00000005960464,-15.6537561764059,38.,       999P   1556
-13.0000000596046,-15.6537561764059,38.,0.,0.333333333333333,        999P   1557
-0.785398163397448,0.785398163397448;                                999P   1558
128,1,1,1,1,0,0,1,0,0,-0.001,-0.001,0.521,0.521,-0.001,-0.001,      1001P   1559
0.501,0.501,1.,1.,1.,1.,-13.0100000596046,6.95624382359411,         1001P   1560
13.4871136996046,-13.0100000596046,1.73624382359411,                1001P   1561
13.4871136996046,-7.99000005960464,6.95624382359411,                1001P   1562
13.4871136996046,-7.99000005960464,1.73624382359411,                1001P   1563
13.4871136996046,-0.001,0.521,-0.001,0.501;                         1001P   1564
128,1,1,1,1,0,0,1,0,0,-0.001,-0.001,1.001,1.001,-0.001,-0.001,      1003P   1565
0.501,0.501,1.,1.,1.,1.,-13.0100000596046,1.74624382359411,         1003P   1566
13.4771136996046,-13.0100000596046,1.74624382359411,                1003P   1567
23.4971136996046,-7.99000005960464,1.74624382359411,                1003P   1568
13.4771136996046,-7.99000005960464,1.74624382359411,                1003P   1569
23.4971136996046,-0.001,1.001,-0.001,0.501;                         1003P   1570
128,1,1,1,1,0,0,1,0,0,-0.001,-0.001,0.521,0.521,-0.001,-0.001,      1005P   1571
0.501,0.501,1.,1.,1.,1.,-13.0100000596046,1.73624382359411,         1005P   1572
23.4871136996046,-13.0100000596046,6.95624382359411,                1005P   1573
23.4871136996046,-7.99000005960464,1.73624382359411,                1005P   1574
23.4871136996046,-7.99000005960464,6.95624382359411,                1005P   1575
23.4871136996046,-0.001,0.521,-0.001,0.501;                         1005P   1576
128,1,1,1,1,0,0,1,0,0,-0.001,-0.001,1.001,1.001,-0.001,-0.001,      1007P   1577
0.501,0.501,1.,1.,1.,1.,-13.0100000596046,6.94624382359411,         1007P   1578
23.4971136996046,-13.0100000596046,6.94624382359411,                1007P   1579
13.4771136996046,-7.99000005960464,6.94624382359411,                1007P   1580
23.4971136996046,-7.99000005960464,6.94624382359411,                1007P   1581
13.4771136996046,-0.001,1.001,-0.001,0.501;                         1007P   1582
128,1,8,1,2,0,1,0,0,1,0.,0.,0.495049504950495,0.495049504950495,    1009P   1583
-3.14159265358979,-3.14159265358979,-3.14159265358979,              1009P   1584
-1.5707963267949,-1.5707963267949,0.,0.,1.5707963267949,            1009P   1585
1.5707963267949,3.14159265358979,3.14159265358979,                  1009P   1586
3.14159265358979,1.,1.,0.707106781186548,0.707106781186548,1.,      1009P   1587
1.,0.707106781186548,0.707106781186548,1.,1.,0.707106781186548,     1009P   1588
0.707106781186548,1.,1.,0.707106781186548,0.707106781186548,1.,     1009P   1589
1.,-13.0000000596046,14.4462438235941,37.9,-8.00000005960464,       1009P   1590
14.4462438235941,37.9,-13.0000000596046,14.4462438235941,48.,       1009P   1591
-8.00000005960464,14.4462438235941,48.,-13.0000000596046,           1009P   1592
4.34624382359411,48.,-8.00000005960464,4.34624382359411,48.,        1009P   1593
-13.0000000596046,-5.75375617640588,48.,-8.00000005960464,          1009P   1594
-5.75375617640588,48.,-13.0000000596046,-5.75375617640589,37.9,     1009P   1595
-8.00000005960464,-5.75375617640589,37.9,-13.0000000596046,         1009P   1596
-5.75375617640588,27.8,-8.00000005960464,-5.75375617640588,27.8,    1009P   1597
-13.0000000596046,4.34624382359411,27.8,-8.00000005960464,          1009P   1598
4.34624382359411,27.8,-13.0000000596046,14.4462438235941,27.8,      1009P   1599
-8.00000005960464,14.4462438235941,27.8,-13.0000000596046,          1009P   1600
14.4462438235941,37.9,-8.00000005960464,14.4462438235941,37.9,      1009P   1601
0.,0.495049504950495,-3.14159265358979,3.14159265358979;            1009P   1602
128,1,1,1,1,0,0,1,0,0,-0.001,-0.001,0.681,0.681,-0.001,-0.001,      1011P   1603
0.501,0.501,1.,1.,1.,1.,-13.0100000596046,-15.6637561764059,0.,     1011P   1604
-13.0100000596046,-8.84375617640588,0.,-7.99000005960464,           1011P   1605
-15.6637561764059,0.,-7.99000005960464,-8.84375617640589,0.,        1011P   1606
-0.001,0.681,-0.001,0.501;                                          1011P   1607
128,1,1,1,1,0,0,1,0,0,1.499,1.499,5.301,5.301,-0.001,-0.001,        1013P   1608
0.501,0.501,1.,1.,1.,1.,-13.0100000596046,-15.6537561764059,        1013P   1609
38.01,-13.0100000596046,-15.6537561764059,-0.0100000000000033,      1013P   1610
-7.99000005960464,-15.6537561764059,38.01,-7.99000005960464,        1013P   1611
-15.6537561764059,-0.0100000000000033,1.499,5.301,-0.001,0.501;     1013P   1612
128,1,1,1,1,0,0,1,0,0,-0.001,-0.001,3.801,3.801,-0.001,-0.001,      1015P   1613
0.501,0.501,1.,1.,1.,1.,-13.0100000596046,24.3462438235941,         1015P   1614
-0.01,-13.0100000596046,24.3462438235941,38.01,                     1015P   1615
-7.99000005960464,24.3462438235941,-0.01,-7.99000005960464,         1015P   1616
24.3462438235941,38.01,-0.001,3.801,-0.001,0.501;                   1015P   1617
128,1,1,1,1,0,0,1,0,0,-0.001,-0.001,0.681,0.681,-0.001,-0.001,      1017P   1618
0.501,0.501,1.,1.,1.,1.,-13.0100000596046,17.5362438235941,0.,      1017P   1619
-13.0100000596046,24.3562438235941,0.,-7.99000005960464,            1017P   1620
17.5362438235941,0.,-7.99000005960464,24.3562438235941,0.,          1017P   1621
-0.001,0.681,-0.001,0.501;                                          1017P   1622
128,1,1,1,1,0,0,1,0,0,-0.001,-0.001,0.521,0.521,-0.001,-0.001,      1019P   1623
0.501,0.501,1.,1.,1.,1.,-13.0100000596046,17.5462438235941,5.21,    1019P   1624
-13.0100000596046,17.5462438235941,-0.01,-7.99000005960464,         1019P   1625
17.5462438235941,5.21,-7.99000005960464,17.5462438235941,-0.01,     1019P   1626
-0.001,0.521,-0.001,0.501;                                          1019P   1627
128,1,1,1,1,0,0,1,0,0,-0.001,-0.001,0.941000013411045,              1021P   1628
0.941000013411045,-0.001,-0.001,0.501,0.501,1.,1.,1.,1.,            1021P   1629
-13.0100000596046,8.13624368948366,5.2,-13.0100000596046,           1021P   1630
17.5562438235941,5.2,-7.99000005960464,8.13624368948366,5.2,        1021P   1631
-7.99000005960464,17.5562438235941,5.2,-0.001,0.941000013411045,    1021P   1632
-0.001,0.501;                                                       1021P   1633
128,1,1,1,1,0,0,1,0,0,-0.001,-0.001,0.521,0.521,-0.001,-0.001,      1023P   1634
0.501,0.501,1.,1.,1.,1.,-13.0100000596046,8.14624368948366,         1023P   1635
-0.01,-13.0100000596046,8.14624368948366,5.21,-7.99000005960464,    1023P   1636
8.14624368948366,-0.01,-7.99000005960464,8.14624368948366,5.21,     1023P   1637
-0.001,0.521,-0.001,0.501;                                          1023P   1638
128,1,1,1,1,0,0,1,0,0,-0.00100000000000012,-0.00100000000000012,    1025P   1639
0.760999973177909,0.760999973177909,-0.001,-0.001,0.501,0.501,      1025P   1640
1.,1.,1.,1.,-13.0100000596046,0.536243957704565,0.,                 1025P   1641
-13.0100000596046,8.15624368948366,0.,-7.99000005960464,            1025P   1642
0.536243957704565,0.,-7.99000005960464,8.15624368948366,0.,         1025P   1643
-0.00100000000000012,0.760999973177909,-0.001,0.501;                1025P   1644
128,1,1,1,1,0,0,1,0,0,-0.001,-0.001,0.521,0.521,-0.001,-0.001,      1027P   1645
0.501,0.501,1.,1.,1.,1.,-13.0100000596046,0.546243957704564,        1027P   1646
5.21,-13.0100000596046,0.546243957704565,-0.01,                     1027P   1647
-7.99000005960464,0.546243957704564,5.21,-7.99000005960464,         1027P   1648
0.546243957704565,-0.01,-0.001,0.521,-0.001,0.501;                  1027P   1649
128,1,1,1,1,0,0,1,0,0,-0.001,-0.001,0.941000013411045,              1029P   1650
0.941000013411045,-0.001,-0.001,0.501,0.501,1.,1.,1.,1.,            1029P   1651
-13.0100000596046,-8.86375617640588,5.2,-13.0100000596046,          1029P   1652
0.556243957704564,5.2,-7.99000005960464,-8.86375617640588,5.2,      1029P   1653
-7.99000005960464,0.556243957704564,5.2,-0.001,                     1029P   1654
0.941000013411045,-0.001,0.501;                                     1029P   1655
128,1,1,1,1,0,0,1,0,0,-0.001,-0.001,0.521,0.521,-0.001,-0.001,      1031P   1656
0.501,0.501,1.,1.,1.,1.,-13.0100000596046,-8.85375617640588,        1031P   1657
-0.01,-13.0100000596046,-8.85375617640588,5.21,                     1031P   1658
-7.99000005960464,-8.85375617640588,-0.01,-7.99000005960464,        1031P   1659
-8.85375617640588,5.21,-0.001,0.521,-0.001,0.501;                   1031P   1660
128,1,1,1,1,0,0,1,0,0,-2.651,-2.651,2.651,2.651,-2.001,-2.001,      1033P   1661
2.001,2.001,1.,1.,1.,1.,-8.00000005960464,-15.6637561764059,        1033P   1662
53.01,-8.00000005960464,-15.6637561764059,-0.0099999999999989,      1033P   1663
-8.00000005960464,24.3562438235941,53.01,-8.00000005960464,         1033P   1664
24.3562438235941,-0.00999999999999446,-2.651,2.651,-2.001,2.001;    1033P   1665
128,1,1,1,1,0,0,1,0,0,-0.001,-0.001,1.001,1.001,-0.001,-0.001,      1035P   1666
0.501,0.501,1.,1.,1.,1.,16.5099999701977,1.74624382359411,-0.01,    1035P   1667
6.48999997019767,1.74624382359411,-0.01,16.5099999701977,           1035P   1668
1.74624382359411,5.01,6.48999997019767,1.74624382359411,5.01,       1035P   1669
-0.001,1.001,-0.001,0.501;                                          1035P   1670
128,1,1,1,1,0,0,1,0,0,-0.001,-0.001,0.521,0.521,-0.001,-0.001,      1037P   1671
0.501,0.501,1.,1.,1.,1.,6.49999997019767,1.73624382359411,-0.01,    1037P   1672
6.49999997019767,6.95624382359411,-0.01,6.49999997019767,           1037P   1673
1.73624382359411,5.01,6.49999997019767,6.95624382359411,5.01,       1037P   1674
-0.001,0.521,-0.001,0.501;                                          1037P   1675
128,1,1,1,1,0,0,1,0,0,-0.001,-0.001,1.001,1.001,-0.001,-0.001,      1039P   1676
0.501,0.501,1.,1.,1.,1.,6.48999997019768,6.94624382359411,-0.01,    1039P   1677
16.5099999701977,6.94624382359411,-0.01,6.48999997019768,           1039P   1678
6.94624382359411,5.01,16.5099999701977,6.94624382359411,5.01,       1039P   1679
-0.001,1.001,-0.001,0.501;                                          1039P   1680
128,1,1,1,1,0,0,1,0,0,-0.001,-0.001,0.521,0.521,-0.001,-0.001,      1041P   1681
0.501,0.501,1.,1.,1.,1.,16.4999999701977,6.95624382359411,-0.01,    1041P   1682
16.4999999701977,1.73624382359411,-0.01,16.4999999701977,           1041P   1683
6.95624382359411,5.01,16.4999999701977,1.73624382359411,5.01,       1041P   1684
-0.001,0.521,-0.001,0.501;                                          1041P   1685
128,1,8,1,2,0,1,0,0,1,0.,0.,2.22222222222222,2.22222222222222,      1043P   1686
-3.14159265358979,-3.14159265358979,-3.14159265358979,              1043P   1687
-1.5707963267949,-1.5707963267949,0.,0.,1.5707963267949,            1043P   1688
1.5707963267949,3.14159265358979,3.14159265358979,                  1043P   1689
3.14159265358979,1.,1.,0.707106781186548,0.707106781186548,1.,      1043P   1690
1.,0.707106781186548,0.707106781186548,1.,1.,0.707106781186548,     1043P   1691
0.707106781186548,1.,1.,0.707106781186548,0.707106781186548,1.,     1043P   1692
1.,-4.25000000000001,17.3462438235941,0.,-4.25000000000001,         1043P   1693
17.3462438235941,5.,-4.25000000000001,15.0962438235941,0.,          1043P   1694
-4.25000000000001,15.0962438235941,5.,-2.00000000000001,            1043P   1695
15.0962438235941,0.,-2.00000000000001,15.0962438235941,5.,          1043P   1696
0.249999999999988,15.0962438235941,0.,0.249999999999988,            1043P   1697
15.0962438235941,5.,0.249999999999989,17.3462438235941,0.,          1043P   1698
0.249999999999989,17.3462438235941,5.,0.249999999999988,            1043P   1699
19.5962438235941,0.,0.249999999999988,19.5962438235941,5.,          1043P   1700
-2.00000000000001,19.5962438235941,0.,-2.00000000000001,            1043P   1701
19.5962438235941,5.,-4.25000000000001,19.5962438235941,0.,          1043P   1702
-4.25000000000001,19.5962438235941,5.,-4.25000000000001,            1043P   1703
17.3462438235941,0.,-4.25000000000001,17.3462438235941,5.,0.,       1043P   1704
2.22222222222222,-3.14159265358979,3.14159265358979;                1043P   1705
128,1,8,1,2,0,1,0,0,1,0.,0.,2.22222222222222,2.22222222222222,      1045P   1706
-3.14159265358979,-3.14159265358979,-3.14159265358979,              1045P   1707
-1.5707963267949,-1.5707963267949,0.,0.,1.5707963267949,            1045P   1708
1.5707963267949,3.14159265358979,3.14159265358979,                  1045P   1709
3.14159265358979,1.,1.,0.707106781186548,0.707106781186548,1.,      1045P   1710
1.,0.707106781186548,0.707106781186548,1.,1.,0.707106781186548,     1045P   1711
0.707106781186548,1.,1.,0.707106781186548,0.707106781186548,1.,     1045P   1712
1.,22.7499999403954,17.3462438235941,0.,22.7499999403954,           1045P   1713
17.3462438235941,5.,22.7499999403954,15.0962438235941,0.,           1045P   1714
22.7499999403954,15.0962438235941,5.,24.9999999403954,              1045P   1715
15.0962438235941,0.,24.9999999403954,15.0962438235941,5.,           1045P   1716
27.2499999403954,15.0962438235941,0.,27.2499999403954,              1045P   1717
15.0962438235941,5.,27.2499999403954,17.3462438235941,0.,           1045P   1718
27.2499999403954,17.3462438235941,5.,27.2499999403954,              1045P   1719
19.5962438235941,0.,27.2499999403954,19.5962438235941,5.,           1045P   1720
24.9999999403954,19.5962438235941,0.,24.9999999403954,              1045P   1721
19.5962438235941,5.,22.7499999403954,19.5962438235941,0.,           1045P   1722
22.7499999403954,19.5962438235941,5.,22.7499999403954,              1045P   1723
17.3462438235941,0.,22.7499999403954,17.3462438235941,5.,0.,        1045P   1724
2.22222222222222,-3.14159265358979,3.14159265358979;                1045P   1725
128,1,8,1,2,0,1,0,0,1,0.,0.,2.22222222222222,2.22222222222222,      1047P   1726
-3.14159265358979,-3.14159265358979,-3.14159265358979,              1047P   1727
-1.5707963267949,-1.5707963267949,0.,0.,1.5707963267949,            1047P   1728
1.5707963267949,3.14159265358979,3.14159265358979,                  1047P   1729
3.14159265358979,1.,1.,0.707106781186548,0.707106781186548,1.,      1047P   1730
1.,0.707106781186548,0.707106781186548,1.,1.,0.707106781186548,     1047P   1731
0.707106781186548,1.,1.,0.707106781186548,0.707106781186548,1.,     1047P   1732
1.,-4.25000000000001,-8.6537561764059,0.,-4.25000000000001,         1047P   1733
-8.6537561764059,5.,-4.25000000000001,-10.9037561764059,0.,         1047P   1734
-4.25000000000001,-10.9037561764059,5.,-2.00000000000001,           1047P   1735
-10.9037561764059,0.,-2.00000000000001,-10.9037561764059,5.,        1047P   1736
0.249999999999992,-10.9037561764059,0.,0.249999999999992,           1047P   1737
-10.9037561764059,5.,0.249999999999993,-8.6537561764059,0.,         1047P   1738
0.249999999999993,-8.6537561764059,5.,0.249999999999992,            1047P   1739
-6.4037561764059,0.,0.249999999999992,-6.4037561764059,5.,          1047P   1740
-2.00000000000001,-6.4037561764059,0.,-2.00000000000001,            1047P   1741
-6.4037561764059,5.,-4.25000000000001,-6.4037561764059,0.,          1047P   1742
-4.25000000000001,-6.4037561764059,5.,-4.25000000000001,            1047P   1743
-8.6537561764059,0.,-4.25000000000001,-8.6537561764059,5.,0.,       1047P   1744
2.22222222222222,-3.14159265358979,3.14159265358979;                1047P   1745
128,1,8,1,2,0,1,0,0,1,0.,0.,2.22222222222222,2.22222222222222,      1049P   1746
-3.14159265358979,-3.14159265358979,-3.14159265358979,              1049P   1747
-1.5707963267949,-1.5707963267949,0.,0.,1.5707963267949,            1049P   1748
1.5707963267949,3.14159265358979,3.14159265358979,                  1049P   1749
3.14159265358979,1.,1.,0.707106781186548,0.707106781186548,1.,      1049P   1750
1.,0.707106781186548,0.707106781186548,1.,1.,0.707106781186548,     1049P   1751
0.707106781186548,1.,1.,0.707106781186548,0.707106781186548,1.,     1049P   1752
1.,22.7499999403954,-8.65375617640589,0.,22.7499999403954,          1049P   1753
-8.65375617640589,5.,22.7499999403954,-10.9037561764059,0.,         1049P   1754
22.7499999403954,-10.9037561764059,5.,24.9999999403954,             1049P   1755
-10.9037561764059,0.,24.9999999403954,-10.9037561764059,5.,         1049P   1756
27.2499999403954,-10.9037561764059,0.,27.2499999403954,             1049P   1757
-10.9037561764059,5.,27.2499999403954,-8.65375617640589,0.,         1049P   1758
27.2499999403954,-8.65375617640589,5.,27.2499999403954,             1049P   1759
-6.40375617640589,0.,27.2499999403954,-6.40375617640589,5.,         1049P   1760
24.9999999403954,-6.40375617640589,0.,24.9999999403954,             1049P   1761
-6.40375617640589,5.,22.7499999403954,-6.40375617640589,0.,         1049P   1762
22.7499999403954,-6.40375617640589,5.,22.7499999403954,             1049P   1763
-8.65375617640589,0.,22.7499999403954,-8.65375617640589,5.,0.,      1049P   1764
2.22222222222222,-3.14159265358979,3.14159265358979;                1049P   1765
128,1,1,1,1,0,0,1,0,0,-0.001,-0.001,0.701,0.701,-0.001,-0.001,      1051P   1766
0.501,0.501,1.,1.,1.,1.,-7.80000005960464,24.3562438235941,         1051P   1767
-0.01,-7.80000005960464,17.3362438235941,-0.01,                     1051P   1768
-7.80000005960464,24.3562438235941,5.01,-7.80000005960464,          1051P   1769
17.3362438235941,5.01,-0.001,0.701,-0.001,0.501;                    1051P   1770
128,1,1,1,1,0,0,1,0,0,-0.001,-0.001,3.781,3.781,-0.001,-0.001,      1053P   1771
0.501,0.501,1.,1.,1.,1.,30.0099999403954,24.3462438235941,-0.01,    1053P   1772
-7.81000005960464,24.3462438235941,-0.01,30.0099999403954,          1053P   1773
24.3462438235941,5.01,-7.81000005960464,24.3462438235941,5.01,      1053P   1774
-0.001,3.781,-0.001,0.501;                                          1053P   1775
128,1,1,1,1,0,0,1,0,0,-0.001,-0.001,4.001,4.001,-0.001,-0.001,      1055P   1776
0.501,0.501,1.,1.,1.,1.,29.9999999403953,-15.6637561764059,         1055P   1777
-0.01,29.9999999403954,24.3562438235941,-0.01,29.9999999403953,     1055P   1778
-15.6637561764059,5.01,29.9999999403954,24.3562438235941,5.01,      1055P   1779
-0.001,4.001,-0.001,0.501;                                          1055P   1780
128,1,1,1,1,0,0,1,0,0,-0.001,-0.001,3.781,3.781,-0.001,-0.001,      1057P   1781
0.501,0.501,1.,1.,1.,1.,-7.81000005960464,-15.6537561764059,        1057P   1782
-0.01,30.0099999403953,-15.6537561764059,-0.01,                     1057P   1783
-7.81000005960464,-15.6537561764059,5.01,30.0099999403953,          1057P   1784
-15.6537561764059,5.01,-0.001,3.781,-0.001,0.501;                   1057P   1785
128,1,1,1,1,0,0,1,0,0,-0.001,-0.001,0.701,0.701,-0.001,-0.001,      1059P   1786
0.501,0.501,1.,1.,1.,1.,-7.80000005960464,-8.64375617640589,        1059P   1787
-0.01,-7.80000005960464,-15.6637561764059,-0.01,                    1059P   1788
-7.80000005960464,-8.64375617640589,5.01,-7.80000005960464,         1059P   1789
-15.6637561764059,5.01,-0.001,0.701,-0.001,0.501;                   1059P   1790
128,1,1,1,1,0,0,1,0,0,-0.001,-0.001,0.521,0.521,-0.001,-0.001,      1061P   1791
0.501,0.501,1.,1.,1.,1.,-13.0100000596046,-8.65375617640588,        1061P   1792
-0.01,-7.79000005960464,-8.65375617640589,-0.01,                    1061P   1793
-13.0100000596046,-8.65375617640588,5.01,-7.79000005960464,         1061P   1794
-8.65375617640589,5.01,-0.001,0.521,-0.001,0.501;                   1061P   1795
128,1,1,1,1,0,0,1,0,0,-0.001,-0.001,0.901000013411045,              1063P   1796
0.901000013411045,-0.001,-0.001,0.501,0.501,1.,1.,1.,1.,            1063P   1797
-13.0000000596046,0.356243957704565,-0.01,-13.0000000596046,        1063P   1798
-8.66375617640588,-0.01,-13.0000000596046,0.356243957704565,        1063P   1799
5.01,-13.0000000596046,-8.66375617640588,5.01,-0.001,               1063P   1800
0.901000013411045,-0.001,0.501;                                     1063P   1801
128,1,1,1,1,0,0,1,0,0,-0.001,-0.001,0.521,0.521,-0.001,-0.001,      1065P   1802
0.501,0.501,1.,1.,1.,1.,-7.79000005960464,0.346243957704564,        1065P   1803
-0.01,-13.0100000596046,0.346243957704565,-0.01,                    1065P   1804
-7.79000005960464,0.346243957704564,5.01,-13.0100000596046,         1065P   1805
0.346243957704565,5.01,-0.001,0.521,-0.001,0.501;                   1065P   1806
128,1,1,1,1,0,0,1,0,0,-0.001,-0.001,0.80099997317791,               1067P   1807
0.80099997317791,-0.001,-0.001,0.501,0.501,1.,1.,1.,1.,             1067P   1808
-7.80000005960464,8.35624368948366,-0.01,-7.80000005960464,         1067P   1809
0.336243957704564,-0.01,-7.80000005960464,8.35624368948366,5.01,    1067P   1810
-7.80000005960464,0.336243957704564,5.01,-0.001,                    1067P   1811
0.80099997317791,-0.001,0.501;                                      1067P   1812
128,1,1,1,1,0,0,1,0,0,-0.001,-0.001,0.521,0.521,-0.001,-0.001,      1069P   1813
0.501,0.501,1.,1.,1.,1.,-13.0100000596046,8.34624368948366,         1069P   1814
-0.01,-7.79000005960464,8.34624368948366,-0.01,                     1069P   1815
-13.0100000596046,8.34624368948366,5.01,-7.79000005960464,          1069P   1816
8.34624368948366,5.01,-0.001,0.521,-0.001,0.501;                    1069P   1817
128,1,1,1,1,0,0,1,0,0,-0.001,-0.001,0.901000013411045,              1071P   1818
0.901000013411045,-0.001,-0.001,0.501,0.501,1.,1.,1.,1.,            1071P   1819
-13.0000000596046,17.3562438235941,-0.01,-13.0000000596046,         1071P   1820
8.33624368948366,-0.01,-13.0000000596046,17.3562438235941,5.01,     1071P   1821
-13.0000000596046,8.33624368948366,5.01,-0.001,                     1071P   1822
0.901000013411045,-0.001,0.501;                                     1071P   1823
128,1,1,1,1,0,0,1,0,0,-0.001,-0.001,0.521,0.521,-0.001,-0.001,      1073P   1824
0.501,0.501,1.,1.,1.,1.,-7.79000005960464,17.3462438235941,         1073P   1825
-0.01,-13.0100000596046,17.3462438235941,-0.01,                     1073P   1826
-7.79000005960464,17.3462438235941,5.01,-13.0100000596046,          1073P   1827
17.3462438235941,5.01,-0.001,0.521,-0.001,0.501;                    1073P   1828
128,1,1,1,1,0,0,1,0,0,-2.151,-2.151,2.151,2.151,-2.001,-2.001,      1075P   1829
2.001,2.001,1.,1.,1.,1.,-13.0100000596046,-15.6637561764059,5.,     1075P   1830
30.0099999403954,-15.6637561764059,5.,-13.0100000596046,            1075P   1831
24.3562438235941,5.,30.0099999403954,24.3562438235941,5.,-2.151,    1075P   1832
2.151,-2.001,2.001;                                                 1075P   1833
128,1,1,1,1,0,0,1,0,0,-2.151,-2.151,2.151,2.151,-2.001,-2.001,      1077P   1834
2.001,2.001,1.,1.,1.,1.,30.0099999403954,-15.6637561764059,0.,      1077P   1835
-13.0100000596046,-15.6637561764059,0.,30.0099999403954,            1077P   1836
24.3562438235941,0.,-13.0100000596046,24.3562438235941,0.,          1077P   1837
-2.151,2.151,-2.001,2.001;                                          1077P   1838
128,1,1,1,1,0,0,1,0,0,-0.001,-0.001,2.32539138363414,               1079P   1839
2.32539138363414,-0.001,-0.001,0.501,0.501,1.,1.,1.,1.,             1079P   1840
3.98999994039536,1.74624382359411,4.99,3.98999994039536,            1079P   1841
1.74624382359411,28.2539138363414,9.00999994039536,                 1079P   1842
1.74624382359411,4.99,9.00999994039536,1.74624382359411,            1079P   1843
28.2539138363414,-0.001,2.32539138363414,-0.001,0.501;              1079P   1844
128,1,1,1,1,0,0,1,0,0,-0.001,-0.001,1.741,1.741,-0.001,-0.001,      1081P   1845
0.501,0.501,1.,1.,1.,1.,3.98999994039536,-15.6637561764059,5.,      1081P   1846
3.98999994039536,1.75624382359411,5.,9.00999994039536,              1081P   1847
-15.6637561764059,5.,9.00999994039536,1.75624382359411,5.,          1081P   1848
-0.001,1.741,-0.001,0.501;                                          1081P   1849
128,1,1,1,1,0,0,1,0,0,-0.001,-0.001,3.43961890880627,               1083P   1850
3.43961890880627,-0.001,-0.001,0.501,0.501,1.,1.,1.,1.,             1083P   1851
3.98999994039536,-5.65084803209993,37.9095677947666,                1083P   1852
3.98999994039536,-15.6566643207118,4.9904322052334,                 1083P   1853
9.00999994039536,-5.65084803209993,37.9095677947666,                1083P   1854
9.00999994039536,-15.6566643207118,4.9904322052334,-0.001,          1083P   1855
3.43961890880627,-0.001,0.501;                                      1083P   1856
128,1,2,1,2,0,0,0,0,0,0.,0.,0.5,0.5,-1.83381852970337,              1085P   1857
-1.83381852970337,-1.83381852970337,-1.30777412388643,              1085P   1858
-1.30777412388643,-1.30777412388643,1.,1.,0.965608616365865,        1085P   1859
0.965608616365865,1.,1.,8.99999994039536,1.74624382359411,          1085P   1860
28.2439138363414,3.99999994039536,1.74624382359411,                 1085P   1861
28.2439138363414,8.99999994039536,4.34624382359411,                 1085P   1862
27.5438372333133,3.99999994039536,4.34624382359411,                 1085P   1863
27.5438372333133,8.99999994039536,6.94624382359412,                 1085P   1864
28.2439138363414,3.99999994039536,6.94624382359412,                 1085P   1865
28.2439138363414,0.,0.5,-1.83381852970337,-1.30777412388643;        1085P   1866
128,1,4,1,2,0,0,0,0,0,0.,0.,0.5,0.5,0.000255678216108923,           1087P   1867
0.000255678216108923,0.000255678216108923,1.57092416590295,         1087P   1868
1.57092416590295,3.14159265358979,3.14159265358979,                 1087P   1869
3.14159265358979,1.,1.,0.707151977692103,0.707151977692103,1.,      1087P   1870
1.,0.707151977692103,0.707151977692103,1.,1.,8.99999994039536,      1087P   1871
14.3462434967374,37.9025567821332,3.99999994039536,                 1087P   1872
14.3462434967374,37.9025567821332,8.99999994039536,                 1087P   1873
14.34368704144,47.901278145945,3.99999994039536,14.34368704144,     1087P   1874
47.901278145945,8.99999994039536,4.34496543251704,                  1087P   1875
47.8999999182858,3.99999994039536,4.34496543251704,                 1087P   1876
47.8999999182858,8.99999994039536,-5.6537561764059,                 1087P   1877
47.8987216906267,3.99999994039536,-5.6537561764059,                 1087P   1878
47.8987216906267,8.99999994039536,-5.65375617640589,37.9,           1087P   1879
3.99999994039536,-5.65375617640589,37.9,0.,0.5,                     1087P   1880
0.000255678216108923,3.14159265358979;                              1087P   1881
128,1,1,1,1,0,0,1,0,0,-2.001,-2.001,2.001,2.001,-3.291,-3.291,      1089P   1882
1.00112781459867,1.00112781459867,1.,1.,1.,1.,3.99999994039536,     1089P   1883
24.3562438235941,4.99,3.99999994039536,-15.6637561764059,4.99,      1089P   1884
3.99999994039536,24.3562438235941,47.9112781459867,                 1089P   1885
3.99999994039536,-15.6637561764059,47.9112781459867,-2.001,         1089P   1886
2.001,-3.291,1.00112781459867;                                      1089P   1887
128,1,1,1,1,0,0,1,0,0,-0.001,-0.001,2.32539138363414,               1091P   1888
2.32539138363414,-0.001,-0.001,0.501,0.501,1.,1.,1.,1.,             1091P   1889
3.98999994039536,6.94624382359411,28.2539138363414,                 1091P   1890
3.98999994039536,6.94624382359411,4.99,9.00999994039536,            1091P   1891
6.94624382359411,28.2539138363414,9.00999994039536,                 1091P   1892
6.94624382359411,4.99,-0.001,2.32539138363414,-0.001,0.501;         1091P   1893
128,1,1,1,1,0,0,1,0,0,-0.001,-0.001,3.43961890880627,               1093P   1894
3.43961890880627,-0.001,-0.001,0.501,0.501,1.,1.,1.,1.,             1093P   1895
3.98999994039536,24.3491519679001,4.9904322052334,                  1093P   1896
3.98999994039536,14.3433356792882,37.9095677947667,                 1093P   1897
9.00999994039536,24.3491519679001,4.9904322052334,                  1093P   1898
9.00999994039536,14.3433356792882,37.9095677947667,-0.001,          1093P   1899
3.43961890880627,-0.001,0.501;                                      1093P   1900
128,1,1,1,1,0,0,1,0,0,-0.001,-0.001,1.741,1.741,-0.001,-0.001,      1095P   1901
0.501,0.501,1.,1.,1.,1.,3.98999994039536,6.93624382359411,5.,       1095P   1902
3.98999994039536,24.3562438235941,5.,9.00999994039536,              1095P   1903
6.93624382359411,5.,9.00999994039536,24.3562438235941,5.,-0.001,    1095P   1904
1.741,-0.001,0.501;                                                 1095P   1905
128,1,1,1,1,0,0,1,0,0,-0.001,-0.001,0.66432495807108,               1097P   1906
0.66432495807108,-0.001,-0.001,0.501,0.501,1.,1.,1.,1.,             1097P   1907
3.98999994039536,-0.653756176405889,34.5733752096446,               1097P   1908
3.98999994039536,-0.653756176405889,41.2266247903554,               1097P   1909
9.00999994039536,-0.653756176405889,34.5733752096446,               1097P   1910
9.00999994039536,-0.653756176405889,41.2266247903554,-0.001,        1097P   1911
0.66432495807108,-0.001,0.501;                                      1097P   1912
128,1,4,1,2,0,0,0,0,0,0.,0.,0.833333333333333,0.833333333333333,    1099P   1913
0.,0.,0.,0.985110783337746,0.985110783337746,1.97022156667549,      1099P   1914
1.97022156667549,1.97022156667549,1.,1.,0.881127345618261,          1099P   1915
0.881127345618261,1.,1.,0.881127345618261,0.881127345618261,1.,     1099P   1916
1.,3.99999994039536,9.34624382359411,41.2166247903554,              1099P   1917
8.99999994039536,9.34624382359411,41.2166247903554,                 1099P   1918
3.99999994039536,7.56629407516763,43.9,8.99999994039536,            1099P   1919
7.56629407516763,43.9,3.99999994039536,4.34624382359411,43.9,       1099P   1920
8.99999994039536,4.34624382359411,43.9,3.99999994039536,            1099P   1921
1.12619357202059,43.9,8.99999994039536,1.12619357202059,43.9,       1099P   1922
3.99999994039536,-0.653756176405889,41.2166247903554,               1099P   1923
8.99999994039536,-0.653756176405889,41.2166247903554,0.,            1099P   1924
0.833333333333333,0.,1.97022156667549;                              1099P   1925
128,1,1,1,1,0,0,1,0,0,-0.001,-0.001,0.66432495807108,               1101P   1926
0.66432495807108,-0.001,-0.001,0.501,0.501,1.,1.,1.,1.,             1101P   1927
3.98999994039536,9.34624382359411,41.2266247903554,                 1101P   1928
3.98999994039536,9.34624382359411,34.5733752096446,                 1101P   1929
9.00999994039536,9.34624382359411,41.2266247903554,                 1101P   1930
9.00999994039536,9.34624382359411,34.5733752096446,-0.001,          1101P   1931
0.66432495807108,-0.001,0.501;                                      1101P   1932
128,1,4,1,2,0,0,0,0,0,0.,0.,0.833333333333333,0.833333333333333,    1103P   1933
0.,0.,0.,0.985110783337746,0.985110783337746,1.97022156667549,      1103P   1934
1.97022156667549,1.97022156667549,1.,1.,0.881127345618261,          1103P   1935
0.881127345618261,1.,1.,0.881127345618261,0.881127345618261,1.,     1103P   1936
1.,3.99999994039536,-0.653756176405889,34.5833752096446,            1103P   1937
8.99999994039536,-0.653756176405889,34.5833752096446,               1103P   1938
3.99999994039536,1.12619357202059,31.9,8.99999994039536,            1103P   1939
1.12619357202059,31.9,3.99999994039536,4.34624382359411,31.9,       1103P   1940
8.99999994039536,4.34624382359411,31.9,3.99999994039536,            1103P   1941
7.56629407516763,31.9,8.99999994039536,7.56629407516763,31.9,       1103P   1942
3.99999994039536,9.34624382359411,34.5833752096446,                 1103P   1943
8.99999994039536,9.34624382359411,34.5833752096446,0.,              1103P   1944
0.833333333333333,0.,1.97022156667549;                              1103P   1945
128,1,1,1,1,0,0,1,0,0,-2.55678221680267D-5,-2.55678221680267D-5,    1105P   1946
0.000281246043848293,0.000281246043848293,-0.001,-0.001,0.501,      1105P   1947
0.501,1.,1.,1.,1.,3.98999994039536,14.3462438235941,                1105P   1948
37.8997443217783,3.98999994039536,14.3462438235941,                 1105P   1949
37.9028124604385,9.00999994039536,14.3462438235941,                 1105P   1950
37.8997443217783,9.00999994039536,14.3462438235941,                 1105P   1951
37.9028124604385,-2.55678221680267D-5,0.000281246043848293,         1105P   1952
-0.001,0.501;                                                       1105P   1953
128,1,1,1,1,0,0,1,0,0,-2.001,-2.001,2.001,2.001,-3.291,-3.291,      1107P   1954
1.00112781459867,1.00112781459867,1.,1.,1.,1.,8.99999994039536,     1107P   1955
-15.6637561764059,4.99,8.99999994039536,24.3562438235941,4.99,      1107P   1956
8.99999994039536,-15.6637561764059,47.9112781459867,                1107P   1957
8.99999994039536,24.3562438235941,47.9112781459867,-2.001,2.001,    1107P   1958
-3.291,1.00112781459867;                                            1107P   1959
502,4,-167.,28.,38.,-217.,28.,38.,-167.,30.,38.,-217.,30.,38.;      1109P   1960
502,26,6.69999997019767,6.84624382359411,5.00000000000002,          1111P   1961
6.69999997019767,1.84624382359411,5.00000000000002,                 1111P   1962
6.69999997019767,6.84624382359411,1.66533453693773D-14,             1111P   1963
6.69999997019767,1.84624382359411,1.66533453693773D-14,             1111P   1964
16.2999999701977,1.84624382359411,5.00000000000002,                 1111P   1965
16.2999999701977,6.84624382359411,5.00000000000002,                 1111P   1966
16.2999999701977,1.84624382359411,1.66533453693773D-14,             1111P   1967
16.2999999701977,6.84624382359411,1.66533453693773D-14,             1111P   1968
-8.00000005960464,1.84624382359411,5.00000000000002,                1111P   1969
-8.00000005960464,6.84624382359411,5.00000000000002,                1111P   1970
29.2252831566974,6.84624382359411,5.00000000000002,                 1111P   1971
29.2252831566974,1.84624382359411,5.00000000000002,                 1111P   1972
-8.00000005960464,6.84624382359411,23.2871136996046,                1111P   1973
-8.00000005960464,1.84624382359411,23.2871136996046,                1111P   1974
-13.0000000596046,6.84624382359411,23.2871136996046,                1111P   1975
-13.0000000596046,1.84624382359411,23.2871136996046,                1111P   1976
-8.00000005960464,1.84624382359411,13.6871136996046,                1111P   1977
-8.00000005960464,6.84624382359411,13.6871136996046,                1111P   1978
-13.0000000596046,1.84624382359411,13.6871136996046,                1111P   1979
-13.0000000596046,6.84624382359411,13.6871136996046,                1111P   1980
-8.00000005960464,1.84624382359411,27.8,-8.00000005960464,          1111P   1981
6.84624382359411,27.8,27.6829108650224,1.84624382359411,            1111P   1982
15.5395439931113,13.9999999403954,1.84624382359411,27.8,            1111P   1983
27.6829108650224,6.84624382359411,15.5395439931113,                 1111P   1984
13.9999999403954,6.84624382359411,27.8;                             1111P   1985
502,10,3.99999994039536,9.19624382359411,41.1710854467592,          1113P   1986
3.99999994039536,9.19624382359411,34.6289145532408,                 1113P   1987
13.9999999403954,9.19624382359411,34.6289145532408,                 1113P   1988
13.9999999403954,9.19624382359411,41.1710854467592,                 1113P   1989
3.99999994039536,-0.503756176405895,41.1710854467592,               1113P   1990
13.9999999403954,-0.503756176405895,41.1710854467592,               1113P   1991
3.99999994039536,-0.503756176405886,34.6289145532408,               1113P   1992
13.9999999403954,-0.503756176405886,34.6289145532408,               1113P   1993
13.9999999403954,-3.60375617640589,37.9,3.99999994039536,           1113P   1994
-3.60375617640589,37.9;                                             1113P   1995
502,10,3.99999994039536,9.19624382359411,41.1710854467592,          1115P   1996
3.99999994039536,9.19624382359411,34.6289145532408,                 1115P   1997
13.9999999403954,9.19624382359411,34.6289145532408,                 1115P   1998
13.9999999403954,9.19624382359411,41.1710854467592,                 1115P   1999
3.99999994039536,-0.503756176405895,41.1710854467592,               1115P   2000
13.9999999403954,-0.503756176405895,41.1710854467592,               1115P   2001
3.99999994039536,-0.503756176405886,34.6289145532408,               1115P   2002
13.9999999403954,-0.503756176405886,34.6289145532408,               1115P   2003
13.9999999403954,-3.60375617640589,37.9,3.99999994039536,           1115P   2004
-3.60375617640589,37.9;                                             1115P   2005
502,38,-8.00000005960464,9.34624382359411,53.,-8.00000005960464,    1117P   2006
24.3462438235941,38.,-13.0000000596046,24.3462438235941,38.,        1117P   2007
-13.0000000596046,9.34624382359411,53.,-13.0000000596046,           1117P   2008
-0.653756176405889,53.,-8.00000005960464,-0.653756176405889,53.,    1117P   2009
-13.0000000596046,24.3462438235941,0.,-13.0000000596046,            1117P   2010
17.5462438235941,0.,-13.0000000596046,17.5462438235941,5.2,         1117P   2011
-13.0000000596046,8.14624368948366,5.2,-13.0000000596046,           1117P   2012
8.14624368948366,0.,-13.0000000596046,0.546243957704565,0.,         1117P   2013
-13.0000000596046,0.546243957704564,5.2,-13.0000000596046,          1117P   2014
-8.85375617640588,5.2,-13.0000000596046,-8.85375617640588,0.,       1117P   2015
-13.0000000596046,-15.6537561764059,0.,-13.0000000596046,           1117P   2016
-15.6537561764059,38.,-13.0000000596046,1.74624382359411,           1117P   2017
13.4871136996046,-13.0000000596046,6.94624382359411,                1117P   2018
13.4871136996046,-13.0000000596046,6.94624382359411,                1117P   2019
23.4871136996046,-13.0000000596046,1.74624382359411,                1117P   2020
23.4871136996046,-13.0000000596046,14.4462438235941,37.9,           1117P   2021
-8.00000005960464,-15.6537561764059,38.,-8.00000005960464,          1117P   2022
1.74624382359411,13.4871136996046,-8.00000005960464,                1117P   2023
6.94624382359411,13.4871136996046,-8.00000005960464,                1117P   2024
1.74624382359411,23.4871136996046,-8.00000005960464,                1117P   2025
6.94624382359411,23.4871136996046,-8.00000005960464,                1117P   2026
14.4462438235941,37.9,-8.00000005960464,-8.85375617640588,0.,       1117P   2027
-8.00000005960464,-15.6537561764059,0.,-8.00000005960464,           1117P   2028
24.3462438235941,0.,-8.00000005960464,17.5462438235941,0.,          1117P   2029
-8.00000005960464,17.5462438235941,5.2,-8.00000005960464,           1117P   2030
8.14624368948366,5.2,-8.00000005960464,8.14624368948366,0.,         1117P   2031
-8.00000005960464,0.546243957704565,0.,-8.00000005960464,           1117P   2032
0.546243957704564,5.2,-8.00000005960464,-8.85375617640588,5.2;      1117P   2033
502,40,6.49999997019767,1.74624382359411,0.,16.4999999701977,       1119P   2034
1.74624382359411,0.,6.49999997019767,1.74624382359411,5.,           1119P   2035
16.4999999701977,1.74624382359411,5.,6.49999997019767,              1119P   2036
6.94624382359411,0.,6.49999997019767,6.94624382359411,5.,           1119P   2037
16.4999999701977,6.94624382359411,0.,16.4999999701977,              1119P   2038
6.94624382359411,5.,-4.25000000000001,17.3462438235941,5.,          1119P   2039
-4.25000000000001,17.3462438235941,0.,22.7499999403954,             1119P   2040
17.3462438235941,5.,22.7499999403954,17.3462438235941,0.,           1119P   2041
-4.25000000000001,-8.6537561764059,5.,-4.25000000000001,            1119P   2042
-8.6537561764059,0.,22.7499999403954,-8.65375617640589,5.,          1119P   2043
22.7499999403954,-8.65375617640589,0.,-7.80000005960464,            1119P   2044
17.3462438235941,0.,-7.80000005960464,24.3462438235941,0.,          1119P   2045
-7.80000005960464,17.3462438235941,5.,-7.80000005960464,            1119P   2046
24.3462438235941,5.,29.9999999403954,24.3462438235941,0.,           1119P   2047
29.9999999403954,24.3462438235941,5.,29.9999999403953,              1119P   2048
-15.6537561764059,0.,29.9999999403953,-15.6537561764059,5.,         1119P   2049
-7.80000005960464,-15.6537561764059,0.,-7.80000005960464,           1119P   2050
-15.6537561764059,5.,-7.80000005960464,-8.65375617640589,0.,        1119P   2051
-7.80000005960464,-8.65375617640589,5.,-13.0000000596046,           1119P   2052
-8.65375617640588,0.,-13.0000000596046,-8.65375617640588,5.,        1119P   2053
-13.0000000596046,0.346243957704565,0.,-13.0000000596046,           1119P   2054
0.346243957704565,5.,-7.80000005960464,0.346243957704564,0.,        1119P   2055
-7.80000005960464,0.346243957704564,5.,-7.80000005960464,           1119P   2056
8.34624368948366,0.,-7.80000005960464,8.34624368948366,5.,          1119P   2057
-13.0000000596046,8.34624368948366,0.,-13.0000000596046,            1119P   2058
8.34624368948366,5.,-13.0000000596046,17.3462438235941,0.,          1119P   2059
-13.0000000596046,17.3462438235941,5.;                              1119P   2060
502,26,3.99999994039536,1.74624382359411,28.2439138363414,          1121P   2061
3.99999994039536,1.74624382359411,5.,8.99999994039536,              1121P   2062
1.74624382359411,28.2439138363414,8.99999994039536,                 1121P   2063
1.74624382359411,5.,3.99999994039536,-15.6537561764059,5.,          1121P   2064
8.99999994039536,-15.6537561764059,5.,3.99999994039536,             1121P   2065
-5.65375617640589,37.9,8.99999994039536,-5.65375617640589,37.9,     1121P   2066
3.99999994039536,6.94624382359411,28.2439138363414,                 1121P   2067
8.99999994039536,6.94624382359411,28.2439138363414,                 1121P   2068
8.99999994039536,14.3462438235941,37.9025567822168,                 1121P   2069
3.99999994039536,14.3462438235941,37.9025567822168,                 1121P   2070
3.99999994039536,14.3462438235941,37.9,3.99999994039536,            1121P   2071
24.3462438235941,5.,3.99999994039536,6.94624382359411,5.,           1121P   2072
3.99999994039536,9.34624382359411,34.5833752096446,                 1121P   2073
3.99999994039536,9.34624382359411,41.2166247903554,                 1121P   2074
3.99999994039536,-0.653756176405889,41.2166247903554,               1121P   2075
3.99999994039536,-0.653756176405889,34.5833752096446,               1121P   2076
8.99999994039536,6.94624382359411,5.,8.99999994039536,              1121P   2077
14.3462438235941,37.9,8.99999994039536,24.3462438235941,5.,         1121P   2078
8.99999994039536,-0.653756176405889,34.5833752096446,               1121P   2079
8.99999994039536,-0.653756176405889,41.2166247903554,               1121P   2080
8.99999994039536,9.34624382359411,41.2166247903554,                 1121P   2081
8.99999994039536,9.34624382359411,34.5833752096446;                 1121P   2082
504,6,465,1109,1,1109,1,467,1109,1,1109,2,469,1109,2,1109,2,471,    1123P   2083
1109,3,1109,3,473,1109,3,1109,4,475,1109,4,1109,4;                  1123P   2084
504,39,477,1111,1,1111,2,479,1111,1,1111,3,481,1111,4,1111,3,       1125P   2085
483,1111,2,1111,4,485,1111,5,1111,6,487,1111,5,1111,7,489,1111,     1125P   2086
8,1111,7,491,1111,6,1111,8,493,1111,3,1111,8,495,1111,7,1111,4,     1125P   2087
497,1111,9,1111,2,499,1111,9,1111,10,501,1111,1,1111,10,503,        1125P   2088
1111,11,1111,6,505,1111,12,1111,11,507,1111,5,1111,12,509,1111,     1125P   2089
13,1111,14,511,1111,13,1111,15,513,1111,16,1111,15,515,1111,14,     1125P   2090
1111,16,517,1111,17,1111,18,519,1111,17,1111,19,521,1111,20,        1125P   2091
1111,19,523,1111,18,1111,20,525,1111,15,1111,20,527,1111,19,        1125P   2092
1111,16,529,1111,21,1111,14,531,1111,21,1111,22,533,1111,13,        1125P   2093
1111,22,535,1111,10,1111,18,537,1111,17,1111,9,539,1111,12,1111,    1125P   2094
23,541,1111,23,1111,24,543,1111,24,1111,21,545,1111,25,1111,23,     1125P   2095
547,1111,26,1111,25,549,1111,24,1111,26,551,1111,22,1111,26,553,    1125P   2096
1111,25,1111,11;                                                    1125P   2097
504,15,555,1113,1,1113,2,557,1113,2,1113,3,559,1113,4,1113,3,       1127P   2098
561,1113,1,1113,4,563,1113,5,1113,1,565,1113,6,1113,4,567,1113,     1127P   2099
5,1113,6,569,1113,7,1113,5,571,1113,8,1113,6,573,1113,7,1113,8,     1127P   2100
575,1113,2,1113,7,577,1113,3,1113,8,579,1113,9,1113,9,581,1113,     1127P   2101
9,1113,10,583,1113,10,1113,10;                                      1127P   2102
504,15,585,1115,1,1115,2,587,1115,2,1115,3,589,1115,4,1115,3,       1129P   2103
591,1115,1,1115,4,593,1115,5,1115,1,595,1115,6,1115,4,597,1115,     1129P   2104
5,1115,6,599,1115,7,1115,5,601,1115,8,1115,6,603,1115,7,1115,8,     1129P   2105
605,1115,2,1115,7,607,1115,3,1115,8,609,1115,9,1115,9,611,1115,     1129P   2106
9,1115,10,613,1115,10,1115,10;                                      1129P   2107
504,57,615,1117,1,1117,2,617,1117,2,1117,3,619,1117,3,1117,4,       1131P   2108
621,1117,4,1117,1,623,1117,4,1117,5,625,1117,6,1117,5,627,1117,     1131P   2109
1,1117,6,629,1117,7,1117,3,631,1117,8,1117,7,633,1117,9,1117,8,     1131P   2110
635,1117,10,1117,9,637,1117,11,1117,10,639,1117,12,1117,11,641,     1131P   2111
1117,13,1117,12,643,1117,14,1117,13,645,1117,15,1117,14,647,        1131P   2112
1117,16,1117,15,649,1117,17,1117,16,651,1117,5,1117,17,653,1117,    1131P   2113
18,1117,19,655,1117,19,1117,20,657,1117,20,1117,21,659,1117,21,     1131P   2114
1117,18,661,1117,22,1117,22,663,1117,23,1117,6,665,1117,17,1117,    1131P   2115
23,667,1117,18,1117,24,669,1117,25,1117,24,671,1117,19,1117,25,     1131P   2116
673,1117,21,1117,26,675,1117,24,1117,26,677,1117,20,1117,27,679,    1131P   2117
1117,26,1117,27,681,1117,27,1117,25,683,1117,22,1117,28,685,        1131P   2118
1117,28,1117,28,687,1117,15,1117,29,689,1117,30,1117,29,691,        1131P   2119
1117,16,1117,30,693,1117,23,1117,30,695,1117,31,1117,2,697,1117,    1131P   2120
7,1117,31,699,1117,32,1117,31,701,1117,8,1117,32,703,1117,33,       1131P   2121
1117,32,705,1117,9,1117,33,707,1117,34,1117,33,709,1117,10,1117,    1131P   2122
34,711,1117,35,1117,34,713,1117,11,1117,35,715,1117,36,1117,35,     1131P   2123
717,1117,12,1117,36,719,1117,37,1117,36,721,1117,13,1117,37,723,    1131P   2124
1117,38,1117,37,725,1117,14,1117,38,727,1117,29,1117,38;            1131P   2125
504,60,729,1119,1,1119,2,731,1119,1,1119,3,733,1119,4,1119,3,       1133P   2126
735,1119,2,1119,4,737,1119,5,1119,1,739,1119,5,1119,6,741,1119,     1133P   2127
3,1119,6,743,1119,7,1119,5,745,1119,7,1119,8,747,1119,6,1119,8,     1133P   2128
749,1119,2,1119,7,751,1119,8,1119,4,753,1119,9,1119,9,755,1119,     1133P   2129
9,1119,10,757,1119,10,1119,10,759,1119,11,1119,11,761,1119,11,      1133P   2130
1119,12,763,1119,12,1119,12,765,1119,13,1119,13,767,1119,13,        1133P   2131
1119,14,769,1119,14,1119,14,771,1119,15,1119,15,773,1119,15,        1133P   2132
1119,16,775,1119,16,1119,16,777,1119,17,1119,18,779,1119,17,        1133P   2133
1119,19,781,1119,20,1119,19,783,1119,18,1119,20,785,1119,18,        1133P   2134
1119,21,787,1119,22,1119,20,789,1119,21,1119,22,791,1119,21,        1133P   2135
1119,23,793,1119,24,1119,22,795,1119,23,1119,24,797,1119,23,        1133P   2136
1119,25,799,1119,26,1119,24,801,1119,25,1119,26,803,1119,25,        1133P   2137
1119,27,805,1119,28,1119,26,807,1119,27,1119,28,809,1119,27,        1133P   2138
1119,29,811,1119,30,1119,28,813,1119,29,1119,30,815,1119,29,        1133P   2139
1119,31,817,1119,32,1119,30,819,1119,31,1119,32,821,1119,31,        1133P   2140
1119,33,823,1119,34,1119,32,825,1119,33,1119,34,827,1119,33,        1133P   2141
1119,35,829,1119,36,1119,34,831,1119,35,1119,36,833,1119,37,        1133P   2142
1119,35,835,1119,38,1119,36,837,1119,37,1119,38,839,1119,39,        1133P   2143
1119,37,841,1119,40,1119,38,843,1119,39,1119,40,845,1119,17,        1133P   2144
1119,39,847,1119,19,1119,40;                                        1133P   2145
504,39,849,1121,1,1121,2,851,1121,3,1121,1,853,1121,4,1121,3,       1135P   2146
855,1121,2,1121,4,857,1121,5,1121,2,859,1121,6,1121,4,861,1121,     1135P   2147
5,1121,6,863,1121,7,1121,5,865,1121,8,1121,6,867,1121,7,1121,8,     1135P   2148
869,1121,1,1121,9,871,1121,9,1121,10,873,1121,3,1121,10,875,        1135P   2149
1121,11,1121,8,877,1121,12,1121,11,879,1121,12,1121,7,881,1121,     1135P   2150
12,1121,13,883,1121,13,1121,14,885,1121,14,1121,15,887,1121,9,      1135P   2151
1121,15,889,1121,16,1121,17,891,1121,17,1121,18,893,1121,18,        1135P   2152
1121,19,895,1121,19,1121,16,897,1121,15,1121,20,899,1121,10,        1135P   2153
1121,20,901,1121,13,1121,21,903,1121,22,1121,21,905,1121,14,        1135P   2154
1121,22,907,1121,20,1121,22,909,1121,23,1121,24,911,1121,19,        1135P   2155
1121,23,913,1121,18,1121,24,915,1121,24,1121,25,917,1121,17,        1135P   2156
1121,25,919,1121,25,1121,26,921,1121,16,1121,26,923,1121,26,        1135P   2157
1121,23,925,1121,21,1121,11;                                        1135P   2158
406,1,5HBody1;                                                      1137P   2159
406,1,16HComponentHobot:1;                                          1139P   2160
406,1,19HComponentUsilitel:1;                                       1141P   2161
406,1,5HBody2;                                                      1143P   2162
406,1,18HComponentFixtail:1;                                        1145P   2163
406,1,21HComponentFrontPlate:1;                                     1147P   2164
406,1,21HComponentMountPlate:1;                                     1149P   2165
406,1,20HComponentFixailExt:1;                                      1151P   2166
314,62.7450980392157,62.7450980392157,62.7450980392157,13HSteel     1153P   2167
- Satin;                                                            1153P   2168
S      1G      2D   1154P   2168                                        T      1
